1st Half Home Ball Possession,1st Half Home Goal Attempts,1st Half Home Shots on Goal,1st Half Home Shots off Goal,1st Half Home Corner Kicks,1st Half Home Total Passes,1st Half Home Attacks,1st Half Home Dangerous Attacks,1st Half Away Ball Possession,1st Half Away Goal Attempts,1st Half Away Shots on Goal,1st Half Away Shots off Goal,1st Half Away Corner Kicks,1st Half Away Total Passes,1st Half Away Attacks,1st Half Away Dangerous Attacks,1st Half Home Goals,1st Half Away Goals,2nd Half Home Goals,2nd Half Away Goals
38,1,0,0,1,143,60,23,62,6,4,1,3,238,60,30,0,0,0,0
60,6,2,3,4,226,57,24,40,8,3,3,1,158,58,15,1,1,1,1
35,4,0,3,2,206,41,20,65,4,1,3,1,391,90,32,0,1,0,1
65,8,4,3,3,264,69,37,35,2,1,1,0,146,39,11,1,0,4,1
50,3,1,1,1,214,35,22,50,8,1,5,4,214,65,23,0,0,2,1
61,8,3,2,1,356,84,30,39,6,2,2,1,216,50,13,2,0,3,1
32,5,2,1,1,164,42,18,68,8,5,3,3,356,60,20,1,2,0,3
50,9,3,4,2,200,63,31,50,9,3,1,3,195,47,18,0,2,4,0
32,5,1,2,2,157,56,16,68,10,4,5,4,328,58,14,0,0,0,0
49,2,1,1,0,244,54,17,51,2,1,1,4,257,78,27,1,0,1,1
55,8,3,2,4,227,54,26,45,2,0,2,0,189,41,20,3,0,5,1
59,5,1,3,4,233,80,40,41,8,2,3,3,162,45,19,0,0,0,2
40,2,1,0,0,215,45,8,60,11,2,3,3,313,69,36,1,0,2,4
74,8,2,6,3,456,100,28,26,2,1,1,1,411,44,11,1,0,0,1
60,6,2,3,0,406,90,35,40,2,1,1,1,264,43,17,1,0,2,2
57,12,3,5,3,268,61,37,43,2,1,0,1,194,46,16,1,0,2,0
68,10,0,5,0,309,76,23,32,5,4,0,2,144,41,10,0,1,0,0
59,4,1,1,1,301,52,30,41,8,0,5,4,207,48,18,0,0,0,4
35,3,1,1,1,178,47,13,65,3,3,0,6,324,76,38,0,0,0,0
48,8,2,3,1,181,59,27,52,5,2,2,1,206,52,18,1,0,2,0
83,11,8,3,0,487,67,23,17,2,1,0,2,101,43,12,6,1,0,0
44,4,1,0,4,215,61,15,56,7,2,3,2,279,39,18,1,1,0,0
44,6,1,3,2,226,61,28,56,2,1,1,3,293,41,21,0,0,0,0
43,6,0,5,2,232,57,28,57,13,4,3,5,319,63,27,0,2,2,0
45,1,1,0,1,192,43,16,55,16,7,6,5,243,71,32,0,1,2,1
67,13,8,4,4,409,95,63,33,1,0,1,0,166,33,7,2,0,1,1
62,8,5,2,0,281,76,24,38,5,0,3,1,153,47,13,2,0,1,1
56,3,1,1,2,247,53,22,44,4,0,1,4,191,43,16,1,0,1,0
57,7,2,2,4,255,75,28,43,5,2,1,1,186,53,17,1,2,2,1
36,4,2,2,2,184,41,12,64,9,2,5,3,318,87,45,0,0,1,1
42,11,3,7,3,199,54,20,58,11,5,4,2,277,54,26,1,1,0,3
33,7,2,3,2,135,50,16,67,7,3,3,4,271,66,26,0,0,1,0
82,5,1,3,1,386,91,26,18,4,2,1,2,85,24,6,1,2,1,2
51,6,3,2,2,240,48,6,49,7,3,2,4,224,58,20,2,1,2,0
44,4,2,2,1,191,63,24,56,4,1,2,1,240,68,17,0,0,0,0
44,3,0,1,2,214,67,13,56,13,3,8,2,260,72,38,0,0,1,0
46,7,1,4,2,225,61,18,54,3,3,0,1,270,56,20,1,0,1,1
26,7,2,4,3,147,43,16,74,6,2,4,2,429,77,33,1,1,0,3
55,8,4,2,4,229,53,26,45,7,1,3,3,185,55,30,0,0,1,1
64,8,1,4,3,273,85,25,36,6,2,3,3,152,40,9,0,0,0,0
41,6,1,2,2,258,65,30,59,5,2,1,1,25,64,16,0,1,0,3
41,6,1,2,4,183,52,21,59,4,2,2,1,255,58,22,0,2,2,3
56,7,1,4,2,267,58,17,44,5,2,3,3,216,57,17,0,1,1,1
43,11,5,4,5,159,47,19,57,6,1,2,3,219,52,21,3,0,3,0
71,9,3,5,3,386,80,64,29,2,1,1,0,157,35,16,0,0,2,0
63,6,2,3,4,311,73,23,37,2,0,0,3,177,38,10,0,0,1,0
58,12,3,5,2,253,69,25,42,6,2,3,2,184,40,17,1,1,2,0
48,9,3,4,3,185,41,26,52,3,3,0,0,207,64,12,1,2,0,1
40,2,1,0,1,231,55,13,60,12,4,4,2,363,101,36,0,2,1,2
66,15,2,10,4,317,75,39,34,2,1,1,0,152,46,11,1,0,1,0
69,8,5,2,4,436,93,28,31,2,1,1,0,185,47,13,2,0,0,1
38,6,1,2,3,182,37,13,62,11,5,4,8,282,76,33,0,0,0,1
52,6,3,2,4,216,64,22,48,1,0,0,1,199,47,10,2,0,0,0
27,6,3,2,3,131,50,17,73,7,2,4,5,364,76,26,0,0,0,1
68,7,2,4,4,294,63,24,32,4,2,2,1,142,44,2,0,0,2,1
51,6,2,2,6,230,35,17,49,5,1,3,2,213,55,26,0,0,1,1
54,7,0,7,2,288,78,21,46,3,1,1,0,258,55,12,0,0,1,1
39,4,0,2,1,187,66,30,61,8,4,2,2,286,57,24,0,1,0,3
62,15,8,5,8,317,69,41,38,3,1,1,1,179,28,15,4,0,1,0
67,6,4,2,3,357,68,27,33,3,1,2,1,176,59,19,2,1,0,3
59,5,1,2,1,286,74,20,41,7,3,4,3,193,53,13,1,1,0,1
41,3,3,0,2,153,56,19,59,6,3,1,2,229,56,9,1,1,0,1
53,7,1,3,5,220,58,28,47,8,3,3,3,182,42,22,0,1,1,0
68,7,3,3,5,269,70,26,32,3,1,2,0,129,30,27,1,1,2,0
28,5,3,1,0,139,38,7,72,7,1,4,3,341,69,32,3,0,2,0
46,5,2,1,1,187,51,18,54,5,1,3,3,207,58,21,1,0,2,0
51,3,1,1,3,220,40,18,49,3,2,1,1,204,71,21,0,1,0,0
48,9,2,5,3,232,77,26,52,2,0,2,0,254,42,7,2,0,3,0
57,3,0,3,2,293,71,29,43,2,2,0,2,213,39,13,0,0,2,0
29,7,4,3,0,133,26,10,71,5,4,1,1,327,73,27,3,0,0,1
30,9,5,4,1,145,40,15,70,11,2,6,2,331,65,43,1,1,0,0
48,6,1,4,3,192,69,19,52,7,2,2,1,216,43,16,0,0,3,0
56,5,3,2,4,269,59,31,44,6,1,3,3,213,55,20,2,0,1,1
35,6,2,4,2,175,50,20,65,6,2,2,2,329,81,24,1,1,3,0
72,13,6,3,8,385,82,45,28,4,1,2,1,146,48,19,3,0,3,0
64,7,3,4,4,279,67,32,36,4,1,2,1,156,48,15,1,0,0,0
64,4,0,2,4,326,88,21,36,6,4,1,3,181,49,18,0,2,1,1
51,4,4,0,0,232,66,23,49,8,4,3,5,213,56,16,2,1,0,2
71,11,4,5,0,287,70,42,29,8,3,3,2,116,46,22,0,1,3,0
45,6,1,4,0,215,61,20,55,10,4,5,3,258,78,23,0,1,0,0
43,8,1,5,3,185,61,24,57,11,6,4,3,250,39,29,0,1,1,0
58,4,1,1,4,256,73,25,42,6,2,2,1,185,39,18,1,1,4,1
48,6,1,2,4,291,49,20,52,4,2,1,4,304,50,16,1,1,0,0
41,3,1,1,0,182,35,15,59,7,2,4,4,243,84,28,0,0,0,3
32,4,2,1,3,162,49,23,68,7,3,4,2,337,92,21,0,2,2,1
66,12,4,5,5,298,70,49,34,4,1,3,1,154,40,12,1,0,1,1
43,8,1,7,1,241,52,37,57,5,3,0,4,328,45,9,0,0,0,1
66,10,4,4,3,334,66,44,34,2,0,1,1,171,42,8,2,0,4,0
77,8,2,1,6,456,103,64,23,4,0,3,0,137,30,9,0,0,3,1
42,5,2,3,2,172,48,11,58,5,3,1,2,246,66,12,1,0,1,1
67,8,1,5,2,319,91,32,33,0,0,0,2,155,48,14,0,0,0,0
56,9,2,4,3,214,75,37,44,7,4,3,1,172,54,18,1,1,3,1
63,5,1,1,4,289,81,36,37,3,0,3,0,169,29,11,0,0,1,1
62,9,6,3,6,291,76,30,38,0,0,0,0,182,41,12,3,0,2,1
40,7,2,2,1,237,55,15,60,10,8,1,5,346,54,21,1,2,0,3
74,8,2,4,6,464,84,23,26,2,0,2,0,153,32,5,1,0,1,0
41,3,2,1,1,168,62,32,59,11,4,6,1,244,57,25,1,1,2,1
63,2,0,1,1,322,83,15,37,4,0,4,0,187,73,17,0,0,2,1
43,1,0,1,2,176,49,15,57,8,4,2,4,231,66,35,0,1,0,0
53,2,0,1,0,222,79,17,47,4,1,3,0,187,38,10,0,1,0,3
28,6,3,1,0,151,35,7,72,8,3,3,1,377,88,28,1,0,1,1
43,2,2,0,3,191,74,19,57,4,3,1,0,256,50,19,0,1,1,0
30,7,3,2,2,175,41,15,70,6,1,3,4,400,81,33,2,1,1,1
52,3,0,2,1,190,62,36,48,7,4,2,3,174,58,24,0,0,0,3
72,12,3,4,3,315,67,63,28,3,1,1,1,126,32,8,0,1,2,0
47,6,2,3,3,238,29,19,53,3,1,0,0,278,24,12,0,1,0,2
64,5,2,2,4,341,67,17,36,4,1,1,1,194,64,10,0,0,1,0
42,14,8,2,7,166,52,31,58,4,1,3,0,234,38,13,3,0,2,1
37,9,2,3,0,161,37,18,63,4,1,2,3,269,37,13,1,0,2,0
75,6,2,2,1,472,105,30,25,7,3,3,1,154,52,15,1,1,0,0
29,5,2,1,2,153,45,15,71,10,5,3,4,385,81,29,0,0,0,0
82,5,3,0,3,518,91,32,18,2,0,2,1,109,28,8,1,0,1,0
50,7,3,2,4,210,73,19,50,7,2,5,2,211,45,15,1,0,0,1
47,8,1,4,3,213,69,15,53,2,0,1,1,239,58,23,1,0,0,1
59,11,3,5,4,276,78,37,41,3,0,3,4,183,41,17,2,0,1,0
52,7,1,5,1,254,65,19,48,1,0,0,1,231,61,6,0,0,0,0
47,4,1,2,2,206,62,18,53,4,1,2,0,232,38,17,1,1,0,2
53,4,1,2,3,245,45,22,47,6,3,3,3,212,69,26,1,0,2,0
26,2,1,1,0,128,32,15,74,10,4,4,5,376,50,48,2,2,0,1
50,10,4,4,3,255,48,28,50,4,1,1,0,257,70,13,1,0,2,0
38,9,4,4,1,179,50,16,62,9,2,3,2,305,74,23,3,0,1,0
71,10,3,4,7,340,89,48,29,3,3,0,1,135,27,5,2,1,1,0
71,6,2,3,2,350,74,24,29,4,1,2,2,140,35,7,0,1,0,2
65,8,4,3,2,400,84,30,35,1,0,1,3,203,49,11,2,0,1,3
53,3,1,1,2,245,49,19,47,6,1,2,1,221,64,21,1,1,2,2
57,11,4,5,3,227,76,29,43,4,1,2,1,168,43,15,1,0,1,0
52,5,0,3,3,225,67,23,48,5,2,2,3,202,58,14,0,0,0,0
34,11,2,5,3,158,56,29,66,12,5,7,2,314,55,23,1,4,0,1
75,10,1,6,3,342,49,29,25,9,1,3,2,112,25,14,0,1,2,1
53,11,5,3,5,181,49,20,47,3,0,1,3,161,46,20,2,0,1,0
42,7,1,4,0,200,49,13,58,7,3,2,4,272,56,17,0,0,0,2
51,5,0,3,4,245,56,27,49,8,5,1,3,228,50,21,0,1,3,0
43,8,4,3,3,208,74,29,57,6,2,3,3,280,59,17,1,1,0,0
44,5,1,2,2,188,65,17,56,5,3,2,4,226,54,21,0,0,0,1
62,8,3,2,3,322,84,23,38,3,3,0,2,191,43,16,1,0,0,1
36,4,0,2,1,188,51,18,64,2,0,0,1,333,83,19,0,0,1,1
36,2,0,0,0,162,51,14,64,10,5,4,3,284,84,34,0,1,0,2
51,3,0,2,1,251,47,19,49,8,6,0,1,239,82,19,0,3,0,1
71,7,3,3,4,369,53,28,29,5,2,2,1,146,47,20,1,1,3,0
50,8,3,4,4,192,49,29,50,4,2,1,2,198,68,15,1,1,1,1
59,8,4,3,1,297,69,32,41,1,0,0,0,202,34,4,0,0,2,0
54,8,3,4,2,250,71,24,46,10,2,3,2,203,61,31,1,0,4,1
39,10,2,5,2,171,46,14,61,6,4,1,0,280,66,25,1,1,1,3
56,9,1,3,4,190,53,20,44,5,2,3,3,152,53,10,1,1,1,0
44,5,1,2,3,176,52,15,56,10,6,4,3,228,65,27,0,1,0,2
54,7,3,1,1,236,64,24,46,6,5,1,0,206,47,16,2,2,0,0
34,8,1,5,0,152,48,24,66,7,5,1,2,292,68,19,1,1,1,0
39,6,1,2,2,221,58,28,61,4,2,1,0,352,78,14,1,1,0,2
46,5,1,2,3,211,66,35,54,5,2,2,4,252,51,18,0,1,0,0
47,8,3,3,3,222,62,34,53,3,2,1,1,263,63,14,0,1,1,1
55,9,4,2,5,259,60,19,45,4,2,1,3,204,42,16,0,1,0,0
64,3,3,0,4,295,79,26,36,6,2,3,2,166,38,8,3,0,0,1
42,4,0,2,2,188,51,14,58,12,8,2,4,263,70,23,0,1,0,0
51,11,2,4,4,212,42,18,49,12,2,5,7,194,57,30,0,2,2,1
37,3,1,0,1,197,32,8,63,14,6,3,2,330,88,38,0,2,1,1
64,13,5,4,6,310,58,35,36,9,4,5,1,169,58,14,1,1,0,0
42,6,2,3,1,194,50,13,58,12,3,4,2,257,71,15,0,2,2,1
30,6,2,3,2,136,42,10,70,6,5,1,4,307,59,26,0,1,0,2
58,6,4,2,1,332,66,25,42,8,5,2,3,238,57,16,2,1,1,0
59,11,2,4,1,252,73,21,41,3,1,1,2,167,32,14,0,0,0,1
56,10,2,4,6,245,50,27,44,3,2,1,0,198,38,9,0,1,0,0
52,7,2,5,2,268,72,21,48,8,2,2,4,235,41,19,2,0,1,2
58,9,3,3,2,251,46,16,42,7,3,3,1,186,63,17,0,1,1,2
55,6,3,3,3,357,59,27,45,3,2,0,1,289,32,13,1,1,1,0
57,4,1,2,4,288,59,26,43,5,2,2,2,208,63,23,0,0,1,0
42,5,3,1,2,183,51,8,58,9,2,7,2,257,65,21,1,1,0,0
44,11,4,4,2,159,52,18,56,9,2,6,2,199,52,11,2,2,0,0
51,9,1,4,2,268,75,28,49,10,2,6,1,249,74,15,0,1,1,0
53,8,3,5,3,271,69,35,47,6,4,2,1,238,45,7,1,2,0,0
26,5,1,2,1,152,27,13,74,3,1,0,0,422,92,19,1,0,1,1
45,9,4,3,2,189,61,11,55,6,2,2,2,229,53,16,2,2,0,0
58,6,4,2,2,249,50,23,42,6,0,4,5,167,55,30,2,0,0,0
53,8,4,2,3,285,76,26,47,3,1,1,1,246,41,14,0,0,2,0
54,4,3,1,5,225,74,33,46,10,4,4,5,191,53,23,1,0,1,1
44,9,4,2,3,196,54,22,56,8,5,2,2,239,50,26,2,1,2,0
54,9,6,3,1,265,48,19,46,5,2,3,5,215,44,22,2,1,0,0
47,10,5,1,2,201,72,31,53,4,1,1,3,220,56,10,1,0,0,1
36,5,2,2,1,175,53,17,64,4,1,2,1,315,62,19,0,0,2,0
25,2,0,2,0,142,36,9,75,16,6,5,4,415,108,53,0,2,0,2
61,10,2,7,3,260,61,35,39,4,1,2,2,169,30,8,0,0,0,0
43,3,0,2,1,183,43,18,57,7,1,5,1,246,70,26,0,1,2,0
43,5,0,4,4,190,49,35,57,4,2,2,2,250,71,13,0,0,0,2
73,13,5,3,6,369,79,28,27,6,2,3,2,134,27,9,0,0,3,0
69,9,2,2,5,22,96,33,31,7,2,5,0,141,34,9,0,1,1,0
52,6,3,3,3,193,43,24,48,8,2,3,3,180,53,18,1,0,0,0
64,11,3,5,2,285,74,46,36,6,1,4,1,172,41,11,0,0,1,0
77,10,5,4,7,449,101,51,23,2,0,2,0,134,27,2,2,0,1,0
43,5,4,0,3,165,43,18,57,6,1,2,5,219,65,24,2,0,1,0
50,3,1,1,2,236,56,17,50,6,1,3,0,234,43,14,0,1,1,1
64,5,2,2,4,303,77,28,36,4,1,1,2,170,29,14,2,1,0,1
73,10,2,5,3,338,67,25,27,4,1,3,3,121,43,14,1,1,2,0
27,6,1,3,0,111,44,12,73,6,2,3,2,293,79,33,0,1,1,0
50,5,0,4,4,177,71,31,50,4,1,2,0,187,54,11,0,1,1,1
47,9,3,3,4,242,68,28,53,5,3,1,0,278,53,15,2,0,0,0
56,13,4,6,4,224,69,52,44,7,2,5,4,169,36,18,0,0,1,1
71,7,2,2,1,397,88,40,29,4,1,3,1,164,34,11,1,0,1,0
57,2,1,1,0,259,58,12,43,6,2,3,5,187,71,23,0,1,0,1
39,7,1,4,1,156,52,9,61,8,2,4,4,242,53,29,1,0,0,0
44,4,3,1,1,257,43,17,56,8,3,4,4,313,68,35,1,1,0,1
46,8,2,2,4,244,58,21,54,7,0,5,3,276,51,12,0,0,0,1
66,9,2,3,4,297,69,37,34,3,3,0,2,149,25,16,2,1,2,0
51,10,4,3,2,243,63,25,49,9,4,3,0,232,74,17,1,0,0,1
55,10,6,2,3,245,64,24,45,7,4,1,2,191,41,14,2,1,3,1
52,8,3,3,2,213,56,29,48,6,3,2,4,199,62,16,0,1,1,2
78,10,3,4,6,453,86,45,22,6,3,2,1,123,31,14,2,1,1,2
52,9,2,6,2,249,56,22,48,8,3,3,2,231,50,23,1,2,2,1
26,7,4,1,3,134,56,13,74,6,4,1,4,394,59,23,0,0,1,2
55,2,1,1,2,249,60,20,45,4,1,2,5,190,57,22,0,0,1,0
60,9,2,5,1,304,48,21,40,3,1,2,3,192,51,30,0,0,2,0
54,5,0,4,6,196,77,26,46,3,0,2,4,173,53,12,0,0,3,0
50,8,3,3,3,283,71,26,50,3,0,2,1,281,62,10,1,0,2,0
41,1,1,0,0,241,38,14,59,6,2,1,3,328,75,33,0,1,3,1
33,9,3,6,0,150,51,10,67,4,2,2,4,289,65,26,0,0,4,1
49,4,1,1,1,198,44,7,51,7,6,0,2,210,72,36,0,2,1,1
48,8,2,5,2,251,62,26,52,10,2,7,1,265,77,29,0,0,2,1
41,3,0,3,0,180,44,17,59,6,0,4,5,245,70,25,0,0,0,2
47,6,2,2,1,277,56,12,53,7,1,4,3,297,67,16,0,1,1,2
36,6,3,3,2,143,57,17,64,3,1,2,3,250,63,25,1,0,1,1
43,9,4,5,2,248,63,27,57,4,0,3,1,343,55,21,1,0,1,1
54,11,3,6,5,272,83,40,46,5,1,3,2,234,46,28,0,0,3,0
46,7,2,3,3,207,40,19,54,11,5,3,3,237,63,33,0,1,0,2
64,9,2,5,5,282,75,27,36,4,2,1,0,157,40,10,1,0,1,2
51,6,3,2,1,247,44,14,49,7,2,2,6,228,68,28,1,2,0,2
71,12,3,1,7,405,91,52,29,3,0,2,0,165,40,8,0,0,1,1
60,4,1,2,2,320,67,18,40,10,1,2,4,198,43,28,0,0,3,1
42,7,1,3,3,219,55,25,58,7,1,3,8,286,54,28,0,1,0,0
52,6,0,6,1,249,64,21,48,7,5,0,0,230,73,18,0,2,0,1
62,5,2,1,3,314,80,33,38,9,6,1,4,198,36,14,0,3,2,3
65,7,1,3,2,316,87,24,35,3,0,1,1,166,56,15,0,0,0,0
45,4,1,2,2,205,41,20,55,5,1,2,5,250,59,35,0,0,1,1
70,5,1,3,4,299,64,48,30,4,0,4,3,121,40,17,0,0,4,0
52,8,2,2,5,254,18,16,48,4,2,2,1,235,8,2,1,1,1,1
40,2,0,2,3,142,50,15,60,8,3,4,5,216,62,20,0,1,0,2
54,7,1,5,3,200,15,1,46,7,3,3,1,169,16,3,0,1,1,1
33,2,0,2,1,148,41,1,67,13,2,7,3,288,66,35,0,1,1,1
45,8,3,3,3,236,39,10,55,6,2,3,7,272,51,26,1,1,2,0
52,7,2,4,2,285,57,15,48,8,2,5,1,263,49,17,1,0,3,0
68,8,2,4,5,318,54,20,32,5,1,1,1,147,39,9,1,1,0,0
40,3,2,1,0,198,54,21,60,3,1,2,0,300,56,10,0,1,0,1
53,2,0,2,2,217,23,13,47,7,2,4,0,193,35,15,0,0,0,0
57,7,2,2,4,200,61,19,43,7,5,1,3,149,49,23,1,1,1,1
29,4,1,2,0,140,32,12,71,8,6,2,5,321,87,49,1,0,0,3
48,2,1,0,3,249,51,18,52,6,3,3,2,268,52,12,0,3,0,1
35,2,0,1,1,163,37,22,65,9,7,1,6,307,72,37,0,1,1,2
55,11,7,4,4,253,71,27,45,4,1,2,1,214,51,11,3,0,4,1
66,10,5,1,2,345,72,27,34,1,0,1,0,177,33,5,4,0,2,0
64,10,1,3,2,288,77,29,36,3,2,1,0,160,40,15,0,1,1,1
31,0,0,0,1,129,42,20,69,10,0,5,3,286,63,22,0,0,0,0
69,8,2,4,1,382,98,32,31,3,2,1,2,171,29,4,0,2,0,1
58,8,2,3,3,257,58,24,42,3,2,1,4,172,53,23,0,1,4,2
47,5,1,2,0,172,49,12,53,8,1,4,4,192,54,21,0,0,0,2
57,6,3,2,2,236,68,27,43,3,0,2,1,180,35,6,2,0,1,1
60,13,2,6,5,324,105,29,40,5,1,2,3,207,46,19,0,0,0,0
55,8,3,3,5,248,70,19,45,3,1,1,2,193,60,20,1,0,1,0
56,9,5,4,4,242,58,28,44,1,1,0,0,196,48,8,2,0,2,1
45,8,3,1,3,175,75,22,55,2,0,1,0,217,62,17,2,0,2,1
43,6,3,1,3,228,52,23,57,5,4,0,2,313,72,14,2,0,0,4
53,4,1,3,1,259,45,22,47,8,3,3,3,232,54,32,0,0,1,2
44,5,2,1,4,200,41,18,56,7,3,4,1,260,65,31,1,0,2,0
59,11,2,6,3,198,64,23,41,6,1,3,0,137,38,8,1,0,0,0
40,6,1,3,1,151,38,17,60,8,2,6,7,215,53,37,1,0,1,1
47,4,1,2,2,230,50,18,53,6,2,3,1,264,62,22,1,1,1,1
35,4,3,1,1,162,48,20,65,6,0,4,4,317,66,39,2,0,0,0
56,12,4,2,7,267,57,37,44,3,0,1,2,200,69,18,0,0,3,1
73,8,3,2,4,443,37,23,27,2,1,1,3,153,25,9,2,0,5,0
40,4,1,2,4,172,25,14,60,6,2,4,3,263,25,20,0,0,0,0
41,11,4,4,3,199,55,33,59,6,0,3,1,295,68,19,1,0,1,0
42,8,2,2,4,199,55,29,58,0,0,0,2,278,57,18,0,0,1,2
65,9,4,5,3,313,69,16,35,5,2,2,1,168,58,10,0,0,1,1
45,6,0,5,0,202,52,13,55,7,3,3,0,242,66,26,0,0,1,0
53,7,3,2,4,235,61,26,47,9,3,3,4,204,55,19,0,1,1,2
59,8,5,2,1,299,76,24,41,5,0,4,3,209,51,14,2,0,1,1
54,5,4,0,4,228,63,28,46,3,1,2,2,191,48,12,1,0,0,1
64,15,4,6,7,293,65,53,36,2,2,0,1,165,42,5,0,0,1,0
31,4,1,1,0,155,54,19,69,8,4,4,5,330,64,17,0,1,0,1
49,11,4,3,5,196,46,28,51,8,4,3,1,207,44,15,1,2,1,1
53,8,4,4,5,260,54,20,47,6,2,1,2,236,55,8,2,1,2,1
39,8,2,4,2,203,31,18,61,0,0,0,3,311,82,23,1,0,0,1
53,8,4,1,5,237,59,25,47,3,1,1,0,205,32,12,0,0,2,0
74,12,6,4,3,290,64,31,26,4,3,1,2,97,26,16,0,2,1,1
48,5,1,3,0,239,62,24,52,5,2,2,1,263,56,15,0,0,0,0
36,6,3,2,2,164,41,15,64,4,1,1,4,289,70,24,1,1,2,2
61,8,1,4,4,319,73,22,39,2,0,0,3,203,47,14,1,0,0,1
51,7,3,2,4,237,47,24,49,7,2,2,2,220,52,16,1,0,1,1
76,8,3,3,4,381,91,36,24,2,1,1,1,114,19,7,2,1,1,0
35,4,2,1,0,157,52,10,65,9,4,4,5,288,79,40,1,0,1,1
30,9,4,2,4,117,41,19,70,5,2,1,5,286,52,13,2,1,1,1
60,6,2,2,6,235,28,22,40,3,1,1,1,157,24,13,0,0,2,2
66,4,3,1,4,391,82,24,34,2,1,0,0,198,42,13,1,0,2,1
54,10,2,4,5,204,46,27,46,3,1,2,0,182,36,7,0,1,0,1
65,9,3,5,2,276,79,37,35,9,4,3,1,147,47,23,0,0,1,1
30,1,0,1,0,148,30,15,70,11,2,6,8,325,72,58,0,1,0,2
40,8,3,3,3,170,59,13,60,4,1,0,3,257,49,8,1,0,0,1
42,7,2,3,2,204,53,24,58,8,3,4,1,278,75,27,1,1,0,2
48,2,0,2,4,198,66,19,52,4,3,0,0,223,54,9,0,1,1,1
66,13,4,5,5,246,57,24,34,7,3,2,1,128,51,13,0,1,3,0
50,6,0,5,1,265,56,14,50,2,1,1,1,256,69,20,0,1,1,0
54,2,0,1,1,297,69,33,46,5,2,1,1,250,68,12,0,0,0,0
55,5,4,0,4,241,44,16,45,5,3,2,1,201,72,28,3,1,1,0
54,5,1,3,4,211,45,26,46,7,3,3,0,182,55,12,0,0,1,0
51,3,1,1,4,271,60,21,49,6,1,3,2,262,53,21,0,0,2,0
47,5,4,1,0,222,53,12,53,10,4,4,4,245,66,29,1,0,0,2
50,11,4,5,0,210,39,24,50,4,1,3,3,200,54,22,0,1,0,1
53,3,1,2,3,264,50,14,47,3,1,2,1,236,64,9,1,0,0,0
52,5,2,2,3,267,73,34,48,3,1,0,2,246,53,18,0,0,1,1
57,5,4,1,6,219,44,19,43,4,1,1,1,167,48,16,1,0,1,1
73,7,2,0,6,315,60,27,27,2,0,1,1,115,35,9,1,0,2,1
59,1,0,1,0,259,76,11,41,5,4,1,2,191,73,22,0,1,2,1
73,3,0,3,4,412,90,28,27,5,0,5,2,125,41,9,0,0,0,0
41,3,0,3,2,167,58,9,59,9,3,6,2,307,68,26,0,1,1,1
56,13,5,8,2,324,58,23,44,0,0,0,0,207,47,5,1,0,1,1
66,7,2,5,4,338,70,32,34,4,1,3,0,149,31,4,1,0,0,0
63,4,2,2,2,426,74,25,37,6,2,4,2,224,50,35,0,2,0,2
63,7,2,5,2,293,68,16,37,9,2,7,2,174,39,12,2,0,1,2
53,5,3,2,1,205,38,21,47,10,2,8,3,182,48,31,2,0,2,0
48,5,2,3,4,214,35,16,52,8,2,6,5,233,70,26,1,0,2,0
54,8,6,2,2,278,67,11,46,2,1,1,4,221,69,19,3,0,3,1
38,7,2,5,2,150,41,15,62,10,6,4,2,290,57,18,0,2,0,2
60,15,8,7,7,326,47,41,40,4,2,2,0,172,41,13,3,1,0,0
60,5,2,3,1,257,61,17,40,4,2,2,1,149,24,8,1,1,0,0
50,2,2,0,2,175,72,27,50,2,1,1,4,246,70,26,1,0,0,1
38,7,3,4,2,130,49,19,62,8,1,7,0,321,74,22,1,0,1,0
59,9,6,3,3,277,61,20,41,3,1,2,2,173,42,18,3,0,1,0
48,10,6,4,3,181,57,18,52,11,3,8,3,228,56,21,2,0,1,1
53,8,0,8,3,204,27,26,47,9,4,5,2,213,45,27,0,1,1,2
39,4,2,2,2,212,51,20,61,7,4,3,1,398,60,18,0,1,0,1
42,3,1,2,1,151,33,5,58,5,1,4,3,232,75,32,0,1,1,3
46,11,4,7,3,173,54,18,54,7,2,5,1,224,64,48,0,0,1,3
68,5,3,2,6,319,72,12,32,1,0,1,1,142,61,29,2,0,1,1
66,7,2,5,4,416,83,27,34,3,1,2,0,172,50,44,0,1,0,1
68,5,2,3,2,384,89,36,32,5,0,5,1,119,48,13,0,0,2,2
68,10,3,7,5,370,75,18,32,2,0,2,1,124,34,11,1,0,1,1
48,5,1,4,3,197,51,18,52,3,0,3,3,225,70,45,0,0,2,1
45,9,5,4,0,216,51,24,55,4,0,4,2,247,39,11,1,0,0,0
42,3,0,3,0,197,66,51,58,7,2,5,4,280,105,33,0,1,0,0
58,5,2,3,1,301,34,14,42,6,2,4,1,221,36,21,2,0,1,0
36,4,2,2,0,140,56,6,64,3,1,2,3,383,71,31,0,0,1,1
65,8,2,6,4,240,80,33,35,2,1,1,0,121,41,17,0,1,0,0
46,6,4,2,0,263,58,19,54,4,1,3,1,331,46,13,1,1,1,0
36,0,0,0,1,229,39,6,64,2,2,0,1,416,72,17,0,0,0,1
57,3,1,2,3,222,48,16,43,4,2,2,2,148,69,18,0,1,1,1
51,2,2,0,1,186,39,9,49,9,2,7,3,211,50,26,1,0,0,4
46,5,0,5,2,143,38,16,54,6,5,1,1,193,61,25,0,3,1,2
44,8,4,4,2,137,43,21,56,4,2,2,4,181,36,18,2,1,0,1
47,12,1,11,5,176,80,39,53,5,2,3,0,207,33,15,0,2,0,0
49,15,4,11,7,149,56,15,51,3,0,3,0,178,37,11,0,0,1,1
46,7,4,3,5,170,63,24,54,2,1,1,0,202,64,16,1,1,0,0
46,7,2,5,4,201,49,25,54,5,1,4,2,174,67,25,0,0,0,1
56,5,0,5,2,384,78,30,44,2,2,0,0,236,42,19,0,0,1,0
46,2,2,0,4,183,44,21,54,11,7,4,1,263,59,30,1,3,1,1
66,11,3,8,3,325,91,53,34,5,4,1,1,148,30,0,1,1,1,1
60,5,0,5,2,246,59,19,40,11,2,9,4,149,63,19,0,1,0,1
52,8,4,4,6,282,66,25,48,5,1,4,3,171,38,18,1,0,0,1
39,6,2,4,1,173,40,7,61,12,4,8,4,329,72,36,0,0,1,0
53,4,3,1,3,196,57,21,47,4,1,3,3,186,41,13,0,0,0,3
45,3,3,0,2,188,48,20,55,9,3,6,5,232,57,22,1,2,1,2
37,4,0,4,0,162,31,24,63,5,2,3,6,392,91,43,0,0,1,6
59,9,6,3,3,273,57,24,41,3,0,3,1,161,61,21,2,0,2,1
68,9,3,6,2,403,93,37,32,2,1,1,0,169,20,7,3,0,2,0
63,9,5,4,5,269,55,25,37,2,0,2,3,134,32,10,1,0,1,0
49,7,2,5,4,187,58,37,51,7,3,4,4,243,47,11,0,1,0,0
29,1,0,1,0,117,43,11,71,4,2,2,3,310,76,20,0,1,0,0
54,14,2,12,3,165,51,22,46,4,1,3,2,152,45,17,0,1,1,1
32,2,0,2,2,113,31,9,68,3,0,3,4,409,65,31,0,0,0,1
61,4,1,3,1,279,68,12,39,7,1,6,4,153,28,12,0,0,0,0
70,5,3,2,4,354,77,26,30,1,1,0,0,99,30,18,0,0,2,1
52,3,2,1,0,253,48,15,48,3,1,2,5,219,64,23,1,0,2,1
48,5,2,3,4,178,69,26,52,3,1,2,2,203,46,3,1,1,0,0
54,6,3,3,3,223,70,17,46,5,1,4,4,142,29,16,1,1,1,1
64,3,1,2,6,312,66,22,36,4,3,1,3,138,58,16,0,1,1,3
53,14,6,8,3,225,56,49,47,7,2,5,1,197,38,19,1,1,2,2
48,2,2,0,5,232,47,21,52,5,4,1,1,296,42,23,0,0,0,0
48,7,2,5,2,286,48,33,52,8,5,3,2,313,68,29,0,1,0,0
59,2,0,2,1,261,47,10,41,5,3,2,1,176,61,29,0,1,2,1
36,0,0,0,0,157,33,5,64,12,6,6,3,345,80,26,0,3,0,2
72,7,1,6,1,305,86,45,28,2,1,1,2,80,25,9,0,1,0,2
62,14,6,8,6,318,79,36,38,4,0,4,0,182,36,10,2,0,3,2
43,3,1,2,1,205,57,20,57,6,3,3,2,306,52,22,0,1,1,2
54,6,3,3,3,260,66,22,46,4,2,2,1,228,59,12,0,1,0,0
46,7,3,4,1,175,39,15,54,10,5,5,4,304,68,30,1,1,0,0
39,1,0,1,0,199,65,7,61,3,1,2,0,393,67,20,0,1,0,1
60,6,4,2,1,199,43,13,40,4,0,4,3,124,52,16,0,0,4,0
42,5,1,4,2,197,37,14,58,4,3,1,4,348,81,19,1,2,0,2
36,6,1,3,2,132,40,16,64,6,1,2,3,320,79,30,0,1,0,1
50,6,2,3,2,180,36,8,50,2,1,0,5,174,60,25,1,0,1,2
52,5,2,3,3,262,84,21,48,6,5,1,1,256,35,6,0,2,1,1
39,5,1,3,1,165,42,22,61,8,2,5,1,251,63,34,0,1,1,1
60,9,2,3,4,289,71,31,40,3,1,0,0,192,49,18,2,0,2,0
55,4,1,2,1,306,44,25,45,4,1,2,0,241,51,24,0,0,0,0
51,9,3,4,2,217,53,34,49,4,2,2,3,205,43,30,0,0,0,3
57,9,4,3,6,285,48,47,43,3,1,2,3,213,35,31,0,1,1,0
58,4,3,1,1,321,61,24,42,8,1,4,1,218,48,14,1,0,1,1
37,0,0,0,0,175,40,8,63,12,1,7,2,292,67,24,0,0,1,1
77,2,0,1,6,404,84,39,23,3,1,0,2,122,38,12,0,0,2,0
46,5,2,2,0,281,55,26,54,4,2,0,2,322,77,15,0,1,1,1
64,6,3,1,1,322,61,43,36,2,2,0,1,173,47,24,2,0,2,0
56,4,2,0,6,210,24,11,44,5,2,2,1,171,14,23,1,0,2,1
53,10,3,2,1,232,50,32,47,3,2,1,0,205,44,16,1,2,1,0
46,9,3,2,2,229,18,39,54,1,0,1,1,268,15,18,1,0,0,1
42,10,4,4,4,221,33,31,58,5,1,3,0,316,21,35,0,0,0,0
41,4,0,4,2,176,43,17,59,11,3,7,6,233,59,23,0,2,1,0
40,2,1,1,5,190,46,23,60,10,5,2,3,296,59,21,1,1,0,0
46,1,1,0,0,191,52,10,54,7,1,3,3,224,43,20,1,0,1,2
43,8,5,1,3,207,51,29,57,5,1,3,0,272,62,28,2,0,1,0
43,1,0,1,3,195,36,18,57,6,3,2,1,256,48,21,0,0,2,3
61,7,1,3,1,412,70,18,39,6,2,1,2,258,52,20,1,0,0,0
33,3,1,1,1,187,26,12,67,16,8,5,4,374,66,44,0,4,0,2
46,3,2,0,2,146,67,24,54,4,1,3,4,173,39,26,2,0,0,0
56,8,3,2,2,284,53,30,44,6,4,2,3,221,54,11,3,0,0,3
55,7,0,3,8,202,58,38,45,6,3,2,4,161,54,30,0,0,1,2
60,4,2,2,2,249,79,29,40,6,1,2,9,153,47,19,2,0,2,0
78,4,2,1,2,437,88,17,22,3,0,3,2,121,35,10,1,0,1,0
49,0,0,0,1,238,50,12,51,9,1,5,4,234,59,25,0,1,0,4
47,9,6,2,3,250,54,30,53,9,2,2,3,291,63,26,1,0,0,1
56,3,2,0,0,243,58,15,44,5,2,3,3,186,57,19,0,1,0,1
62,0,0,0,1,262,67,13,38,13,9,2,3,150,42,23,0,3,0,2
39,2,0,0,1,240,68,20,61,2,0,2,2,358,68,16,0,0,0,2
71,8,3,2,4,359,101,58,29,1,1,0,1,141,19,13,1,1,2,1
42,8,3,4,1,180,54,23,58,3,2,1,3,242,50,15,0,0,0,0
35,1,0,0,0,158,24,13,65,18,5,12,5,296,81,41,0,3,1,1
44,5,3,1,1,182,28,15,56,9,1,5,4,223,39,18,1,1,0,3
25,4,2,1,0,110,28,12,75,9,1,7,2,338,66,33,1,0,0,1
50,4,3,1,2,254,50,16,50,8,2,2,2,248,67,27,1,1,1,2
48,6,1,2,2,209,55,32,52,6,1,1,7,222,58,23,0,1,1,1
49,5,2,3,3,245,62,22,51,3,0,3,1,251,59,8,2,0,1,0
38,14,4,7,3,156,63,26,62,4,1,3,1,258,41,23,1,1,1,2
66,9,1,4,3,360,87,46,34,1,0,1,0,181,42,9,1,0,3,0
70,6,2,1,7,401,106,31,30,2,0,2,1,163,37,9,0,0,0,0
54,4,3,0,2,289,48,17,46,6,4,2,2,238,76,16,2,2,2,1
52,5,3,2,0,248,55,27,48,7,3,2,3,216,50,22,1,0,0,0
65,5,1,3,4,334,75,17,35,3,1,2,1,173,65,20,0,1,1,2
64,2,1,0,3,267,47,31,36,7,1,2,6,137,47,26,0,0,1,1
69,5,0,3,1,352,66,23,31,3,0,2,1,153,54,13,0,0,0,2
56,4,1,3,1,277,49,18,44,4,1,1,1,216,55,16,0,1,1,0
57,4,3,0,0,247,69,27,43,5,3,1,3,183,43,16,1,0,4,0
42,4,2,2,1,158,48,20,58,4,3,1,4,218,59,16,1,2,1,2
52,9,3,4,3,220,63,21,48,5,1,2,3,203,56,10,1,0,3,0
52,2,2,0,0,279,51,7,48,7,4,1,2,253,67,17,0,2,2,0
48,4,2,2,2,212,53,15,52,4,1,1,2,221,28,15,0,1,2,0
66,6,4,0,4,359,51,18,34,4,0,1,3,173,43,19,2,0,3,0
56,6,0,4,1,277,58,17,44,3,1,2,3,206,49,17,0,0,1,1
37,7,2,3,2,167,54,12,63,10,6,3,4,293,68,26,1,1,1,0
29,4,1,3,2,149,49,14,71,7,4,2,2,379,78,30,1,3,0,0
43,2,0,2,1,198,56,17,57,5,3,1,1,281,69,22,0,0,0,0
74,8,3,3,4,347,63,22,26,1,0,1,2,116,44,13,1,0,2,0
55,6,0,3,3,286,68,38,45,3,1,2,2,239,60,15,0,0,0,3
78,11,6,4,1,421,92,56,22,6,1,3,2,117,23,12,2,0,3,0
74,5,1,3,1,324,75,41,26,6,5,0,1,107,46,16,1,1,2,0
39,1,1,0,1,183,43,8,61,12,3,6,3,283,84,22,0,0,2,0
53,6,2,2,1,232,59,21,47,9,2,7,5,197,53,27,0,0,0,2
55,6,1,2,3,218,77,14,45,8,2,4,1,178,49,13,0,0,2,0
54,10,3,5,3,259,72,37,46,3,0,2,2,217,55,16,0,0,1,2
58,5,4,1,1,341,52,30,42,2,1,1,0,240,69,13,2,0,3,1
32,3,1,2,3,171,47,15,68,7,4,1,0,369,57,18,0,3,1,1
34,3,0,2,0,180,41,16,66,6,4,1,3,353,93,43,0,0,0,4
70,7,3,3,2,346,92,36,30,4,2,1,0,143,56,9,0,1,3,0
28,7,2,4,2,165,45,17,72,6,1,4,2,415,57,26,1,0,2,5
47,7,2,3,2,223,53,35,53,5,2,2,2,268,71,11,0,0,0,1
54,7,3,4,4,218,57,24,46,6,3,3,1,172,57,31,2,0,1,1
61,7,2,3,3,316,71,14,39,6,1,4,4,192,53,18,0,1,1,1
48,10,4,4,5,208,76,14,52,6,3,2,2,206,42,14,0,2,1,0
52,9,4,4,5,176,59,33,48,7,3,1,7,162,58,19,0,0,2,0
52,9,3,4,0,213,47,21,48,9,1,6,4,183,66,28,2,0,0,1
45,12,4,7,5,197,55,30,55,7,0,4,2,245,49,18,1,0,1,1
45,4,0,4,0,197,61,14,55,2,1,0,4,235,63,18,0,0,0,0
71,10,5,3,7,319,75,41,29,4,2,1,2,137,45,9,0,0,2,0
66,4,1,3,1,314,71,28,34,0,0,0,2,160,43,19,1,0,0,0
32,8,1,4,3,147,56,13,68,3,0,1,3,318,55,14,0,0,0,1
76,8,3,5,4,357,97,46,24,4,1,1,2,114,30,11,0,1,3,0
50,7,3,2,3,221,49,22,50,12,3,7,4,212,43,32,1,0,1,2
49,4,0,4,0,311,59,12,51,8,3,2,5,311,46,34,0,1,2,0
64,7,3,1,3,318,78,28,36,7,1,3,3,173,36,21,0,0,2,0
48,12,4,7,5,169,63,26,52,7,3,3,3,192,56,22,2,1,0,3
30,7,2,4,3,133,36,15,70,11,5,3,7,306,76,48,0,1,1,2
49,16,6,5,9,180,78,42,51,4,1,3,3,198,36,28,0,0,1,1
68,12,5,4,3,362,98,40,32,3,1,2,1,169,53,8,0,0,0,1
50,8,3,3,2,212,64,29,50,1,0,1,0,216,38,9,1,0,2,0
56,8,5,2,8,343,61,24,44,4,2,2,1,265,65,15,2,0,1,3
45,7,0,4,5,178,71,23,55,4,1,2,0,223,40,15,0,0,0,2
55,7,1,4,4,239,56,29,45,11,5,2,3,197,60,27,0,4,0,1
63,7,3,3,3,264,55,24,37,6,2,4,0,162,51,9,0,0,1,0
42,9,5,3,2,185,42,11,58,4,3,0,0,258,69,3,1,1,1,0
29,3,0,2,1,122,34,11,71,9,2,5,4,403,74,24,0,1,0,2
69,13,5,4,3,350,100,29,31,6,1,4,1,125,28,9,2,1,4,0
33,4,2,1,0,149,50,12,67,2,0,0,2,366,84,31,0,0,2,0
45,8,3,3,0,225,42,14,55,6,1,2,1,285,74,17,0,0,1,0
38,1,0,1,2,194,63,14,62,11,1,3,3,346,69,34,0,1,0,3
58,6,1,1,0,241,59,12,42,9,2,5,2,160,53,26,1,1,0,0
74,6,2,2,7,345,73,31,26,3,1,1,1,118,34,10,1,1,1,3
49,7,2,4,4,242,54,24,51,8,3,2,3,250,49,18,0,0,0,1
62,8,5,3,1,231,70,17,38,5,2,3,2,136,48,16,1,0,1,0
61,12,4,5,3,270,74,24,39,3,2,1,0,175,59,6,1,0,1,1
58,14,3,9,4,186,49,39,42,5,3,1,0,140,40,5,1,1,1,0
36,1,1,0,0,176,30,13,64,15,4,6,4,299,65,34,0,0,2,1
74,11,3,6,3,459,91,55,26,1,0,1,0,170,30,7,1,0,4,0
48,2,1,1,2,190,49,20,52,3,0,2,2,206,65,19,0,0,1,0
42,11,7,1,5,221,49,19,58,5,0,2,3,307,64,25,1,0,2,1
53,9,2,5,5,205,74,34,47,4,2,2,1,169,49,16,0,1,2,1
54,4,1,2,3,223,74,33,46,7,2,3,3,185,67,17,0,1,2,0
58,11,3,3,5,238,71,18,42,5,2,1,0,173,49,15,1,2,1,1
55,10,5,4,1,222,40,25,45,3,2,0,1,184,51,18,1,1,3,1
72,7,2,4,2,360,100,40,28,7,5,1,1,140,27,9,1,2,0,0
54,4,1,3,1,208,45,21,46,8,2,5,3,168,49,21,0,1,1,0
34,7,2,4,1,184,49,13,66,5,4,0,1,375,72,19,1,2,0,0
55,5,2,3,1,304,66,9,45,2,1,0,1,236,71,18,1,0,0,1
43,3,2,1,4,206,49,22,57,10,4,3,5,271,58,19,0,3,2,0
52,7,3,0,2,228,41,25,48,10,4,3,2,200,54,22,1,1,1,0
57,7,2,3,5,266,51,19,43,7,2,5,1,195,56,20,0,1,1,4
42,7,3,4,1,153,39,21,58,2,1,1,1,225,53,11,2,0,2,0
73,11,5,5,6,415,98,35,27,2,1,1,1,153,22,11,3,1,1,0
79,16,5,6,8,365,65,54,21,3,1,2,2,99,38,6,1,1,0,0
28,5,0,1,4,135,34,13,72,11,3,5,3,361,92,35,0,3,0,1
58,6,3,2,7,180,51,25,42,3,2,0,0,140,51,11,0,1,0,1
40,7,3,3,2,182,69,16,60,5,2,3,5,277,58,33,1,0,1,0
43,6,1,1,1,217,60,15,57,4,1,2,1,284,76,10,0,1,1,1
66,3,0,2,3,375,81,28,34,6,4,2,2,189,26,19,0,3,3,0
46,7,4,1,4,167,48,18,54,6,2,3,3,197,64,20,0,0,1,0
40,3,0,3,2,193,70,18,60,3,2,1,0,300,57,6,0,1,0,1
58,8,2,3,1,236,65,27,42,7,3,3,1,170,51,6,2,0,1,1
61,8,3,4,2,339,65,31,39,1,0,1,1,209,41,18,1,0,3,0
30,4,2,2,0,148,36,4,70,6,4,1,3,335,83,31,1,2,1,2
48,5,2,3,1,205,60,26,52,10,4,4,1,220,65,14,0,2,2,1
60,4,1,2,2,254,47,18,40,6,2,2,2,169,53,17,0,1,0,0
63,6,2,3,1,283,61,16,37,3,2,1,2,162,54,7,1,0,2,3
35,7,3,3,1,148,54,23,65,3,0,1,1,278,56,15,1,1,1,2
43,5,2,3,1,165,50,24,57,2,0,2,0,220,60,30,1,0,1,0
56,8,4,2,0,256,79,20,44,2,1,1,2,203,38,15,0,0,1,0
51,8,3,4,6,217,54,23,49,6,3,1,0,222,55,13,1,2,0,0
62,5,1,3,4,301,59,18,38,6,0,6,1,182,30,14,0,0,3,0
39,9,4,1,2,196,44,12,61,3,2,1,0,306,53,16,2,1,3,0
65,13,8,4,3,339,64,30,35,5,1,1,1,183,36,13,5,0,3,0
46,6,3,1,2,230,43,11,54,6,1,5,0,263,56,17,1,1,1,1
61,7,5,1,1,383,42,19,39,4,2,2,2,237,46,12,3,0,0,0
58,5,3,2,2,236,55,24,42,4,2,1,3,165,64,18,2,0,2,2
51,5,2,3,4,211,54,13,49,6,2,3,1,200,48,27,0,0,0,0
59,12,3,5,6,265,77,33,41,5,2,3,0,191,32,7,1,1,1,1
72,6,3,1,2,381,80,28,28,2,0,1,0,142,50,15,1,0,1,1
41,7,1,2,1,217,40,16,59,12,5,2,3,321,64,34,1,0,1,1
31,5,1,4,1,155,56,28,69,8,5,2,2,359,46,9,0,2,2,1
57,6,2,4,3,228,54,19,43,7,1,3,3,173,50,17,1,0,1,0
48,3,0,3,5,88,69,35,52,2,2,0,1,118,47,12,0,0,0,0
56,12,3,6,4,241,68,33,44,7,3,1,3,157,41,14,1,1,2,0
45,4,0,4,1,177,49,10,55,7,1,6,4,211,56,38,0,0,2,0
47,9,1,4,5,206,47,30,53,3,0,2,3,253,74,27,1,0,2,0
22,4,2,1,2,101,22,16,78,11,3,6,1,364,72,37,1,1,1,1
47,7,0,4,3,222,55,22,53,3,1,1,0,256,57,12,0,0,1,0
65,6,2,4,2,279,70,31,35,5,2,2,3,150,43,15,0,0,1,1
41,5,2,2,1,169,70,17,59,7,4,1,4,244,46,17,1,0,1,0
58,7,1,1,4,309,77,25,42,7,1,6,5,208,49,18,1,0,0,1
56,14,2,9,4,216,36,20,44,5,2,2,1,180,23,11,0,1,2,1
54,6,1,4,1,209,22,7,46,8,2,4,2,191,45,12,0,0,1,0
61,8,6,2,1,281,63,22,39,7,0,3,2,179,36,9,4,0,1,1
50,4,1,2,2,218,50,21,50,4,2,2,0,218,38,21,0,0,1,1
62,6,5,1,2,361,85,36,38,8,4,4,0,180,48,18,0,0,1,1
57,8,2,6,3,322,90,49,43,4,2,0,1,234,37,9,0,0,1,2
32,3,0,3,0,149,48,8,68,5,2,3,9,388,82,26,0,1,2,1
64,6,1,4,1,313,56,14,36,11,5,3,3,153,58,24,1,2,0,0
60,11,2,7,4,255,71,27,40,4,2,1,1,170,44,14,2,1,1,0
54,4,3,0,4,174,25,11,46,4,2,2,1,160,24,12,0,1,0,3
52,4,3,0,3,268,47,27,48,3,1,1,0,259,63,13,1,1,0,1
68,11,4,3,3,459,109,42,32,4,3,1,0,165,29,11,2,1,0,1
18,1,0,1,0,102,39,7,82,4,2,1,2,465,77,22,0,1,0,2
47,7,3,3,1,242,58,15,53,4,2,2,4,260,60,27,0,1,0,2
50,6,3,3,2,223,38,27,50,2,2,0,1,234,45,11,0,1,0,0
37,3,1,0,5,176,49,28,63,10,2,6,3,300,49,27,0,1,2,2
63,6,2,4,4,315,69,22,37,6,4,2,1,190,58,10,0,2,1,1
46,3,1,1,1,201,70,24,54,7,3,4,2,233,77,30,0,0,1,2
57,9,4,3,2,287,80,29,43,4,2,1,1,219,45,12,1,1,0,0
35,6,2,2,2,184,50,18,65,4,3,0,3,330,53,18,1,1,1,1
53,7,4,0,6,223,50,31,47,10,2,4,3,199,40,34,0,1,2,0
39,4,1,1,2,206,45,12,61,3,2,0,5,310,68,34,0,2,0,1
68,4,2,1,2,430,79,13,32,0,0,0,0,206,52,6,2,0,0,0
64,11,1,5,6,307,56,18,36,6,1,3,2,165,54,21,1,0,3,0
64,6,4,1,2,241,52,35,36,5,1,4,1,139,34,18,1,1,0,0
39,1,1,0,0,169,60,13,61,9,3,3,4,250,72,23,1,0,1,1
53,10,2,5,4,240,69,31,47,6,0,2,3,215,52,15,1,0,1,1
46,3,1,2,0,190,38,14,54,12,6,3,4,235,75,24,1,1,0,4
68,9,4,4,5,314,60,27,32,7,4,3,0,145,48,12,0,2,0,1
24,4,2,1,1,137,24,8,76,6,4,2,1,446,91,29,1,1,0,0
37,9,6,1,1,156,52,19,63,11,2,4,4,253,63,36,2,0,0,1
35,5,4,0,1,184,47,17,65,7,1,3,3,353,62,17,1,0,3,0
46,6,2,2,0,190,59,11,54,9,1,4,4,211,64,28,0,1,0,0
66,7,3,2,5,288,66,23,34,5,2,3,0,144,40,11,1,0,1,1
37,4,1,2,2,157,52,10,63,9,3,4,2,272,60,17,1,1,0,1
43,9,3,4,1,194,73,20,57,7,4,2,0,255,55,32,1,1,0,0
61,5,3,1,1,218,77,19,39,7,2,1,0,137,45,23,0,1,2,0
60,9,3,5,1,281,68,24,40,4,2,1,1,159,37,12,2,1,1,1
25,7,2,4,3,137,38,9,75,7,2,4,1,416,89,33,1,1,2,0
75,8,0,5,7,366,86,38,25,1,0,0,0,125,39,14,0,0,0,0
73,8,4,4,7,352,81,36,27,3,2,0,0,135,36,9,2,1,4,0
56,9,0,5,4,226,55,23,44,2,0,1,2,183,70,14,1,0,0,2
69,5,0,3,5,284,56,29,31,4,2,2,1,132,40,5,1,0,2,0
67,5,2,3,2,283,77,37,33,2,2,0,2,140,32,13,0,1,1,0
47,6,2,3,3,242,39,22,53,4,2,1,1,261,57,17,0,1,1,2
54,5,2,2,2,246,59,28,46,3,1,2,2,199,42,22,0,1,0,2
46,9,2,4,2,240,44,19,54,3,1,2,1,273,63,19,1,0,1,1
32,2,1,1,0,174,38,15,68,6,3,2,4,363,73,33,0,1,0,2
53,4,0,3,2,189,38,24,47,7,0,3,2,176,51,15,0,0,1,1
31,4,2,0,0,153,53,8,69,6,4,1,2,335,59,8,0,3,1,0
57,2,0,1,0,306,63,16,43,7,2,2,2,231,66,10,0,1,3,1
45,8,3,4,1,184,52,29,55,8,2,2,3,233,44,24,1,1,0,2
48,10,2,5,6,179,50,16,52,7,2,4,2,195,42,12,1,2,0,1
31,9,1,5,4,106,28,18,69,5,1,2,4,339,51,31,1,0,0,3
37,7,1,2,3,176,35,21,63,7,4,3,4,315,73,16,0,3,0,1
29,9,5,1,4,126,47,26,71,9,1,6,2,315,62,21,1,0,0,0
62,7,0,2,5,293,57,31,38,4,0,3,1,184,48,20,0,0,0,0
75,5,2,2,4,399,83,40,25,9,5,0,4,126,33,22,2,2,1,0
78,13,5,5,7,426,85,73,22,2,1,1,0,124,31,9,1,1,4,0
50,10,3,6,4,199,42,25,50,11,3,3,4,206,49,36,0,0,3,0
68,6,0,5,6,341,76,37,32,3,2,1,2,162,47,16,0,1,1,2
50,7,2,2,1,203,56,18,50,4,0,2,2,196,57,44,1,0,1,1
65,8,4,1,3,310,68,53,35,4,3,1,0,171,35,8,1,2,1,0
54,6,2,4,1,229,35,14,46,6,4,2,1,169,66,18,1,4,0,1
47,8,1,7,8,189,46,36,53,3,1,2,1,201,33,15,0,0,0,1
68,14,9,5,4,320,63,40,32,5,2,3,2,127,38,16,4,0,1,2
53,2,1,1,2,337,46,14,47,8,3,5,4,329,71,35,1,0,2,1
51,8,4,4,4,256,63,28,49,7,3,4,0,247,58,16,0,0,3,1
59,5,3,2,2,250,58,30,41,5,1,4,3,127,48,16,0,0,1,0
58,10,2,8,1,293,67,36,42,4,2,2,1,248,41,15,0,1,2,0
70,6,0,6,2,397,79,26,30,5,0,5,4,110,35,21,0,0,0,2
36,6,2,4,3,172,55,11,64,5,2,3,1,325,55,18,0,0,2,1
51,7,3,4,1,246,47,19,49,5,3,2,3,294,68,20,0,1,2,3
60,5,2,3,5,259,68,25,40,8,4,4,4,165,33,17,0,1,2,2
57,5,1,4,1,268,64,24,43,11,4,7,2,157,54,9,0,2,2,0
32,1,0,1,1,168,25,12,68,10,3,7,1,399,99,25,0,2,1,1
38,7,1,6,7,138,45,22,62,4,2,2,2,279,59,32,1,1,0,0
33,6,2,4,3,71,38,13,67,8,3,5,4,206,55,24,0,0,2,0
55,5,2,3,0,304,51,24,45,3,2,1,0,257,59,10,1,0,0,2
58,4,2,2,0,331,61,9,42,8,4,4,2,225,47,20,1,0,0,1
44,4,1,3,2,181,38,18,56,7,1,6,3,270,60,28,1,1,1,1
51,1,1,0,1,206,45,12,49,5,2,3,4,204,60,30,0,0,0,0
41,6,3,3,0,188,30,9,59,10,3,7,4,290,87,40,1,1,3,2
48,4,1,3,0,239,49,7,52,7,2,5,2,284,65,22,1,1,0,1
63,7,3,4,3,300,41,15,37,8,3,5,2,137,58,15,0,0,0,0
70,5,1,4,4,371,92,25,30,3,2,1,0,119,37,8,0,1,1,0
56,6,0,6,1,211,41,13,44,6,3,3,1,170,43,10,0,2,1,2
61,12,4,8,2,357,69,17,39,5,1,4,2,241,46,12,4,0,2,0
51,9,2,7,5,240,48,18,49,4,2,2,3,247,56,21,1,0,2,2
59,10,6,4,5,274,72,40,41,3,2,1,2,153,27,10,0,2,4,0
36,5,1,4,0,132,49,16,64,8,1,7,2,316,75,30,0,0,0,0
65,9,4,5,3,326,64,12,35,3,0,3,1,149,32,9,1,0,2,0
62,6,2,4,0,342,70,15,38,9,5,4,5,186,51,28,1,0,1,1
47,5,4,1,0,187,27,10,53,5,1,4,4,226,50,17,2,0,1,0
63,9,5,4,3,230,51,24,37,5,4,1,1,123,40,9,1,1,0,0
62,10,6,4,2,358,57,17,38,4,1,3,0,152,55,9,3,0,2,0
66,9,3,6,5,355,91,45,34,0,0,0,0,160,35,6,0,0,2,0
49,11,5,6,2,280,63,30,51,3,1,2,1,283,61,19,0,0,3,1
49,7,3,4,3,228,65,15,51,8,3,5,4,222,35,15,0,1,1,0
37,7,4,3,1,143,36,30,63,9,1,8,3,303,68,31,2,0,0,1
59,3,0,3,6,273,61,21,41,2,1,1,1,212,47,5,0,0,3,1
48,9,1,8,4,198,48,30,52,2,1,1,0,242,49,24,0,1,0,1
43,4,0,4,2,158,53,19,57,9,6,3,1,225,61,26,0,3,2,0
54,10,6,4,1,269,58,34,46,4,1,3,0,217,48,22,1,0,1,0
60,9,2,7,3,275,58,35,40,4,2,2,0,177,24,15,0,2,3,0
57,7,3,4,2,298,35,21,43,9,3,6,0,192,45,20,0,2,1,1
61,6,3,3,2,266,75,55,39,6,4,2,4,138,43,30,0,1,0,0
49,5,2,3,2,188,57,21,51,0,0,0,1,191,62,14,0,0,1,0
67,15,7,8,2,387,95,37,33,2,1,1,0,188,37,17,2,0,0,0
65,5,3,2,3,315,68,28,35,8,3,5,2,135,48,15,1,0,1,0
38,3,1,2,0,158,26,11,62,13,2,11,2,367,83,39,0,0,2,1
70,10,4,6,4,432,98,31,30,3,2,1,2,156,18,2,3,1,1,0
50,3,2,1,0,231,54,13,50,5,0,5,1,223,43,31,1,0,2,0
44,4,1,3,4,194,41,16,56,6,1,5,3,248,56,28,0,0,0,0
42,7,1,6,4,172,46,23,58,4,1,3,3,298,50,21,1,0,3,0
62,6,5,1,2,271,39,22,38,0,0,0,1,147,29,8,2,0,2,0
47,4,3,1,0,247,38,14,53,4,0,4,1,281,47,7,2,0,0,1
46,4,2,2,4,234,71,20,54,7,4,3,1,273,67,26,1,3,1,0
59,5,0,5,2,337,77,27,41,2,0,2,0,198,41,15,0,0,0,0
46,0,0,0,1,227,39,16,54,2,1,1,1,331,68,17,0,0,0,0
64,14,2,12,1,262,60,21,36,4,3,1,2,154,49,17,1,1,1,2
50,4,1,3,1,257,39,12,50,4,2,2,1,247,58,27,1,0,0,0
43,5,1,4,0,231,41,6,57,11,3,8,7,314,84,38,1,0,1,3
60,7,0,7,5,322,75,32,40,2,1,1,1,193,43,24,0,0,1,1
44,3,2,1,1,186,29,12,56,8,1,7,6,192,62,27,2,1,2,2
56,12,4,8,2,269,54,35,44,5,3,2,1,213,39,10,1,2,1,0
32,5,0,5,1,133,44,13,68,6,3,3,1,355,69,14,0,3,1,1
41,7,3,4,2,202,63,29,59,4,1,3,1,289,45,17,0,0,1,0
43,7,2,5,1,161,44,19,57,3,1,2,3,216,46,19,1,1,0,0
60,4,1,3,2,345,82,30,40,5,2,3,0,195,49,19,0,0,1,0
56,10,3,7,0,259,58,14,44,6,3,3,3,191,48,11,0,1,2,0
48,2,0,2,1,239,63,27,52,6,3,3,3,257,41,21,0,1,0,0
41,7,2,5,2,164,41,11,59,5,1,4,4,336,69,40,2,0,0,1
63,3,1,2,1,441,77,18,37,1,0,1,3,193,50,11,1,0,1,1
57,6,3,3,5,260,59,38,43,5,2,3,2,191,55,18,1,1,0,1
58,4,2,2,2,233,52,24,42,4,1,3,2,144,55,17,0,0,1,1
47,5,1,4,2,194,57,19,53,9,1,8,3,239,67,34,0,0,1,0
60,4,1,3,2,227,52,18,40,5,3,2,2,147,41,20,0,0,2,0
34,5,4,1,1,120,42,16,66,5,0,5,3,293,72,30,3,0,0,0
61,5,2,3,1,280,74,20,39,8,4,4,5,162,52,18,1,2,0,0
37,3,1,2,2,164,48,12,63,11,2,9,2,350,62,36,0,1,0,2
47,6,4,2,1,244,45,16,53,6,2,4,2,280,62,30,4,0,0,0
59,6,3,3,2,283,65,13,41,11,5,6,3,186,37,21,4,2,1,0
44,4,1,3,3,246,55,18,56,6,2,4,1,314,53,19,1,1,1,1
50,5,2,3,1,245,51,14,50,5,2,3,4,219,59,18,1,2,0,0
26,4,0,4,1,100,36,9,74,11,6,5,3,530,97,39,0,0,0,1
51,2,1,1,2,274,65,14,49,7,3,4,2,279,60,28,1,0,1,0
55,4,3,1,1,254,63,32,45,1,0,1,0,197,35,12,0,0,1,1
66,7,3,4,3,427,80,32,34,4,2,2,2,135,38,12,0,1,1,1
69,6,1,5,3,401,89,42,31,3,0,3,0,145,38,13,0,0,2,0
48,5,4,1,0,224,59,22,52,4,0,4,1,237,48,14,0,0,1,0
40,9,4,5,5,202,49,23,60,5,4,1,1,312,59,9,0,1,2,0
44,2,1,1,0,280,37,12,56,10,2,8,3,326,98,33,0,2,1,1
54,7,0,7,2,247,75,27,46,2,1,1,2,192,48,17,1,0,4,0
43,4,0,4,0,185,46,10,57,10,2,8,5,292,73,26,0,0,3,1
65,10,1,9,4,283,66,21,35,2,0,2,0,151,31,8,0,0,0,2
38,3,3,0,3,206,49,18,62,1,0,1,2,350,46,21,0,0,0,0
65,11,2,9,6,319,73,44,35,3,2,1,0,142,43,15,0,0,1,1
62,12,4,8,1,320,69,64,38,2,2,0,0,190,28,11,2,2,2,0
41,3,1,2,1,204,49,12,59,7,3,4,6,337,61,24,0,0,0,1
58,6,3,3,3,276,78,34,42,4,0,4,1,187,51,21,0,0,1,1
38,1,0,1,0,148,44,16,62,6,4,2,0,326,61,28,0,1,0,2
71,6,3,3,2,297,78,29,29,2,1,1,1,125,42,12,0,1,2,0
49,4,3,1,2,219,77,31,51,8,4,4,1,223,70,18,2,1,0,0
54,1,1,0,1,204,53,5,46,9,0,9,2,144,71,28,0,0,0,0
66,9,4,5,6,368,54,19,34,3,1,2,1,183,30,22,0,0,1,2
58,5,2,3,2,192,62,37,42,3,1,2,2,150,43,13,0,1,0,0
47,2,1,1,1,244,46,8,53,8,3,5,2,307,72,23,1,1,0,0
55,6,4,2,2,314,63,47,45,5,2,3,3,166,38,21,0,2,3,0
58,8,3,5,1,336,75,51,42,0,0,0,3,257,43,24,2,0,3,1
65,9,3,6,2,371,60,32,35,3,1,2,1,167,45,10,0,0,3,0
50,10,5,5,6,185,44,39,50,4,2,2,2,195,37,24,3,1,2,0
62,4,0,4,2,270,65,34,38,3,1,2,3,150,51,33,1,0,1,0
41,4,1,3,1,179,58,11,59,7,2,5,3,309,78,38,0,1,2,0
48,6,4,2,3,231,63,23,52,3,1,2,2,254,60,12,2,0,2,0
57,3,1,2,1,245,57,17,43,4,2,2,0,212,57,9,0,1,0,2
35,5,2,3,0,127,37,6,65,2,0,2,2,333,80,27,1,0,0,1
34,5,0,5,1,149,27,18,66,6,4,2,2,357,89,29,0,2,0,2
65,9,2,7,4,322,57,27,35,5,4,1,1,142,39,11,1,1,0,1
49,10,4,6,5,232,58,25,51,8,4,4,4,267,52,21,2,0,0,1
40,1,0,1,0,217,35,6,60,2,0,2,3,313,80,11,0,0,0,1
60,1,0,1,2,235,44,26,40,8,1,7,2,154,37,17,0,0,0,1
44,3,1,2,0,204,41,17,56,5,3,2,5,250,57,43,0,1,0,2
63,7,3,4,3,314,92,30,37,3,2,1,1,182,39,8,0,2,3,1
51,7,2,5,5,244,62,27,49,9,2,7,4,265,48,17,0,0,0,0
60,9,3,6,3,356,93,33,40,1,1,0,0,206,45,9,0,0,2,0
35,7,1,6,0,151,37,11,65,2,0,2,0,297,71,29,0,0,0,0
71,8,4,4,1,405,79,21,29,4,0,4,0,118,39,14,1,0,1,2
53,4,2,2,0,229,54,17,47,5,2,3,3,189,70,20,1,1,1,1
55,8,3,5,1,234,62,13,45,1,0,1,1,195,51,16,1,0,0,1
46,7,4,3,3,263,49,11,54,4,0,4,0,282,51,18,0,0,0,0
60,10,5,5,1,286,67,7,40,0,0,0,2,157,33,13,2,0,0,1
55,1,0,1,1,237,73,25,45,4,2,2,3,241,44,12,0,1,1,2
57,3,1,2,1,342,77,21,43,2,1,1,0,230,41,10,1,1,0,1
37,4,1,3,3,175,32,14,63,6,3,3,2,283,76,16,0,1,0,1
60,14,5,9,1,276,62,26,40,5,2,3,2,163,47,8,2,0,3,2
45,2,1,1,0,198,40,16,55,6,3,3,0,309,59,19,0,0,2,1
48,4,2,2,1,188,43,30,52,3,0,3,0,206,63,23,1,0,0,0
43,2,1,1,0,198,38,6,57,9,3,6,4,269,90,44,0,1,0,2
44,8,5,3,1,162,36,17,56,10,4,6,5,237,66,31,0,1,0,0
52,6,3,3,2,212,52,27,48,3,0,3,4,218,61,24,2,0,1,0
44,9,4,5,2,163,45,10,56,3,2,1,2,216,47,5,2,0,1,1
48,7,0,7,3,243,48,14,52,2,2,0,2,242,76,16,0,0,1,0
68,7,4,3,5,392,89,52,32,4,2,2,1,171,34,12,2,1,2,0
62,10,4,6,5,325,94,48,38,2,1,1,0,156,20,3,1,1,2,0
60,10,3,7,2,316,83,32,40,5,1,4,3,166,37,9,0,0,3,1
42,4,1,3,1,221,54,10,58,5,1,4,4,301,57,23,1,0,0,1
33,2,1,1,1,180,45,13,67,6,1,5,1,357,91,20,0,1,1,0
54,3,0,3,1,241,47,15,46,6,1,5,2,164,46,31,0,0,2,0
51,9,3,6,4,225,59,19,49,5,1,4,3,261,55,38,2,0,1,0
36,5,4,1,1,162,43,10,64,16,6,10,4,314,84,59,0,1,0,3
59,8,5,3,3,252,80,39,41,2,2,0,1,136,35,7,1,2,0,2
39,5,4,1,0,155,46,7,61,10,5,5,3,304,64,15,1,3,0,2
46,5,2,3,2,196,28,11,54,6,3,3,2,271,83,28,1,1,1,0
60,8,3,5,3,278,68,32,40,3,2,1,0,174,35,18,0,1,0,0
51,8,3,5,3,185,58,25,49,11,6,5,1,204,46,17,2,1,0,0
37,5,3,2,2,142,64,10,63,6,3,3,5,318,62,19,2,2,1,0
45,6,4,2,1,255,52,9,55,10,5,5,4,260,56,30,2,2,2,0
39,5,1,4,0,174,36,17,61,5,2,3,2,368,70,33,1,0,2,0
41,0,0,0,1,145,45,13,59,15,3,12,6,252,67,41,0,1,0,0
45,4,2,2,2,166,64,20,55,11,3,8,2,235,62,22,1,1,1,1
71,5,2,3,2,443,116,29,29,1,0,1,0,128,29,5,0,0,1,0
60,8,4,4,3,257,60,23,40,9,3,6,6,152,49,14,0,1,1,1
53,14,9,5,5,322,56,20,47,5,1,4,1,261,52,27,1,0,1,1
62,7,2,5,3,268,66,29,38,5,3,2,1,149,45,10,0,1,0,2
41,4,0,4,1,130,59,19,59,3,0,3,1,226,52,15,0,0,0,2
61,6,3,3,6,319,91,30,39,6,2,4,3,173,25,10,0,0,1,0
63,12,5,7,3,269,48,35,37,1,1,0,1,141,34,16,1,1,2,0
57,13,3,10,6,270,57,28,43,3,1,2,0,198,44,17,1,0,1,1
55,5,2,3,0,292,64,26,45,5,3,2,2,246,61,22,0,1,2,1
68,11,6,5,1,384,93,44,32,3,2,1,0,142,39,6,0,0,1,1
41,6,2,4,3,194,44,17,59,5,1,4,3,261,80,15,0,0,0,0
54,4,3,1,2,266,67,21,46,3,0,3,0,273,51,10,0,0,0,0
38,1,1,0,1,160,33,8,62,2,0,2,1,280,90,28,0,0,2,0
50,4,2,2,2,217,70,25,50,2,2,0,3,250,47,25,2,1,0,1
34,3,1,2,2,155,38,13,66,9,3,6,2,352,88,25,0,0,1,0
47,3,0,3,1,225,70,14,53,4,4,0,1,231,62,16,0,0,1,0
54,10,2,8,4,233,57,18,46,13,4,9,5,198,45,16,0,2,1,2
53,3,1,2,2,292,87,30,47,0,0,0,0,239,47,9,0,0,1,3
68,5,1,4,1,365,109,18,32,1,0,1,0,146,36,9,0,0,1,1
48,7,3,4,0,207,61,20,52,1,1,0,2,251,54,17,2,0,3,0
38,2,0,2,2,158,47,15,62,5,3,2,2,272,57,22,0,1,0,1
46,9,2,7,4,176,61,19,54,10,4,6,1,248,64,15,1,0,3,0
40,7,4,3,3,172,56,24,60,7,4,3,3,246,53,15,1,1,1,1
35,6,3,3,2,191,28,13,65,4,3,1,2,345,60,22,2,2,1,0
68,8,4,4,3,369,64,38,32,8,6,2,2,155,32,19,0,2,5,0
59,6,4,2,5,297,70,32,41,9,3,6,1,177,41,17,0,0,2,0
42,6,0,6,1,212,43,25,58,8,3,5,2,308,67,23,0,0,0,1
58,9,6,3,2,226,59,26,42,6,3,3,3,156,35,17,1,0,2,0
40,3,0,3,0,170,33,17,60,13,3,10,10,306,58,58,0,0,0,1
37,6,3,3,1,176,48,32,63,4,1,3,2,295,67,41,1,1,1,0
44,3,1,2,2,171,43,17,56,3,0,3,2,250,61,23,0,0,0,1
67,4,2,2,2,296,71,34,33,3,2,1,1,124,45,21,0,3,1,0
55,3,0,3,2,243,50,13,45,5,2,3,1,174,53,16,0,2,0,0
56,7,2,5,3,253,57,31,44,2,0,2,2,215,46,18,0,0,1,0
45,6,2,4,3,189,63,34,55,2,1,1,0,206,50,12,1,0,3,1
53,6,2,4,2,270,60,21,47,7,1,6,3,239,57,19,1,1,0,1
40,7,3,4,1,170,54,19,60,11,3,8,3,283,83,39,0,0,0,2
47,9,1,8,2,196,52,13,53,6,1,5,1,221,62,14,1,0,0,2
45,5,1,4,1,178,52,14,55,7,6,1,3,265,64,33,0,0,0,1
53,7,4,3,5,301,77,25,47,2,0,2,1,225,41,6,0,0,0,0
44,6,3,3,1,130,43,17,56,6,2,4,5,207,70,35,0,0,0,1
34,8,2,6,3,162,59,8,66,8,1,7,3,377,73,23,0,0,2,1
55,7,1,6,0,214,67,31,45,3,0,3,3,203,60,19,0,0,0,1
60,8,2,6,4,278,67,28,40,5,2,3,3,158,36,15,1,1,1,0
38,2,0,2,0,163,44,15,62,8,3,5,5,303,54,25,0,2,0,2
42,4,2,2,2,220,59,18,58,1,1,0,1,323,65,8,0,0,0,1
40,5,1,4,1,155,52,16,60,4,1,3,2,244,57,20,0,0,0,2
65,3,0,3,1,312,82,16,35,1,0,1,1,150,41,18,0,0,0,0
57,5,2,3,1,238,59,8,43,12,4,8,2,169,52,17,0,1,2,1
49,3,2,1,2,259,45,13,51,6,3,3,3,293,64,17,1,1,0,1
47,6,3,3,2,163,62,15,53,4,1,3,3,212,46,12,3,1,0,2
58,5,3,2,4,312,50,26,42,6,2,4,3,213,59,32,2,0,2,1
36,2,1,1,1,121,38,11,64,8,2,6,2,251,63,40,1,0,1,2
36,6,4,2,2,154,41,11,64,6,1,5,1,335,84,27,1,0,0,1
53,4,1,3,6,215,53,20,47,5,1,4,2,187,31,14,0,0,1,1
64,5,2,3,4,348,55,18,36,10,5,5,2,174,43,25,1,1,0,4
51,8,3,5,4,254,71,31,49,2,1,1,0,262,44,7,0,0,2,0
54,3,0,3,1,213,66,24,46,3,2,1,1,202,45,14,0,0,0,1
60,11,6,5,1,301,83,32,40,2,0,2,3,183,26,15,2,0,0,0
53,8,3,5,7,249,76,48,47,4,2,2,1,197,47,16,0,0,2,1
53,7,4,3,4,235,54,31,47,5,2,3,1,228,36,16,1,1,2,0
32,5,2,3,0,128,44,15,68,15,3,12,5,314,68,28,0,1,0,2
46,7,1,6,2,172,40,14,54,5,4,1,2,214,57,16,0,1,1,1
58,5,3,2,6,295,73,16,42,6,2,4,2,179,37,11,2,2,1,1
54,6,2,4,1,277,79,14,46,5,2,3,1,221,74,19,2,0,0,1
47,6,1,5,2,235,58,15,53,5,1,4,2,271,59,12,1,0,0,1
44,5,3,2,1,193,56,16,56,6,5,1,4,273,57,17,2,1,0,1
44,12,4,8,3,186,61,20,56,5,1,4,2,301,55,18,1,1,1,1
70,4,2,2,5,300,85,20,30,3,1,2,0,144,37,1,0,1,3,0
37,5,3,2,3,142,28,18,63,4,3,1,3,359,107,36,1,0,0,1
53,9,2,7,4,255,73,35,47,3,2,1,0,195,43,9,0,0,0,0
59,10,3,7,4,294,45,26,41,11,2,9,1,179,39,25,2,1,2,0
58,4,0,4,2,233,48,13,42,5,2,3,1,195,41,20,0,0,1,1
66,4,0,4,0,417,88,21,34,4,2,2,1,199,51,17,0,1,1,1
64,8,3,5,2,340,69,28,36,6,1,5,2,154,41,17,1,0,1,1
43,6,3,3,2,179,33,14,57,10,5,5,2,309,70,26,1,2,0,1
40,10,5,5,3,171,47,22,60,7,2,5,3,267,72,19,2,2,1,1
61,7,3,4,0,311,59,22,39,2,2,0,3,178,31,14,3,2,2,1
48,5,3,2,2,208,48,18,52,4,1,3,3,229,58,18,1,1,0,1
68,8,2,6,3,353,75,41,32,12,6,6,3,109,33,16,0,3,1,0
39,5,2,3,1,194,38,12,61,5,2,3,2,356,91,32,1,0,1,5
44,4,1,3,2,166,49,24,56,7,1,6,2,261,70,26,1,0,0,1
37,0,0,0,0,169,48,12,63,4,2,2,5,386,61,21,0,1,1,1
47,7,3,4,1,227,37,14,53,5,2,3,1,268,56,21,1,0,0,1
66,6,0,6,6,324,76,46,34,4,3,1,1,144,44,13,0,1,1,0
44,6,3,3,2,189,33,16,56,13,6,7,3,262,56,22,1,2,2,1
44,5,3,2,3,184,36,13,56,15,7,8,3,272,58,20,0,2,0,0
64,7,3,4,4,330,54,30,36,10,4,6,2,182,37,19,2,2,2,1
53,7,4,3,1,242,64,37,47,3,0,3,0,229,63,34,2,0,0,1
48,8,1,7,2,244,20,9,52,9,5,4,1,251,27,10,1,1,1,2
41,5,0,5,2,182,37,11,59,6,3,3,3,277,64,26,0,1,0,2
35,7,6,1,1,127,48,10,65,10,3,7,5,275,54,27,2,1,0,1
64,8,3,5,2,324,65,30,36,1,0,1,0,129,28,15,1,0,2,0
47,7,3,4,5,186,32,23,53,9,3,6,2,253,55,31,2,0,0,2
41,7,6,1,2,215,49,13,59,3,1,2,1,299,50,16,3,0,2,0
57,4,1,3,1,290,78,19,43,4,0,4,3,181,31,20,0,0,1,1
59,6,3,3,1,299,59,15,41,4,2,2,3,190,41,14,0,0,1,3
50,8,3,5,3,176,49,20,50,6,4,2,4,165,51,18,1,1,0,0
37,3,2,1,1,167,32,13,63,9,3,6,2,322,76,22,1,2,1,2
58,1,1,0,2,315,60,16,42,6,2,4,1,219,48,14,0,0,1,0
27,2,2,0,0,104,17,3,73,10,4,6,6,433,103,40,0,0,0,2
55,8,3,5,3,297,54,17,45,2,1,1,0,249,48,11,1,0,2,1
65,4,1,3,2,319,93,39,35,4,1,3,1,132,34,14,0,0,1,1
37,2,0,2,2,181,30,15,63,6,4,2,1,320,79,36,0,2,1,0
50,5,1,4,1,247,48,12,50,7,1,6,1,230,76,27,1,0,0,1
64,8,4,4,1,379,61,26,36,3,2,1,0,174,47,11,1,0,2,1
54,3,1,2,0,223,55,15,46,9,4,5,2,199,57,22,1,1,0,0
52,6,2,4,3,253,66,21,48,2,0,2,1,253,60,27,2,0,0,1
72,9,2,7,2,388,85,47,28,3,0,3,2,105,32,9,0,0,3,0
65,9,3,6,5,309,74,29,35,7,2,5,2,182,47,20,2,0,3,0
49,9,5,4,0,240,64,19,51,9,5,4,2,283,60,20,2,1,0,2
61,10,4,6,1,281,87,39,39,8,2,6,1,134,43,11,1,1,1,0
52,13,5,8,2,226,47,16,48,4,1,3,0,235,52,21,1,1,0,0
55,5,4,1,2,254,67,21,45,7,3,4,3,184,56,12,1,1,0,0
52,3,0,3,3,216,47,17,48,6,3,3,4,210,51,14,0,0,1,1
45,1,1,0,0,162,51,14,55,4,2,2,5,246,72,16,0,1,1,0
47,11,1,10,3,221,51,21,53,5,0,5,2,242,61,24,0,0,1,1
37,4,3,1,2,190,31,12,63,9,8,1,5,378,90,34,0,3,1,1
36,1,0,1,4,128,17,8,64,6,2,4,3,321,79,44,0,1,0,1
59,9,3,6,3,228,56,25,41,9,3,6,1,136,37,20,1,1,0,0
62,5,1,4,1,260,53,22,38,3,1,2,0,153,56,8,0,1,0,1
45,4,2,2,3,238,68,15,55,5,2,3,3,292,57,16,0,0,0,1
36,2,0,2,1,168,41,15,64,5,1,4,2,324,74,26,0,1,0,0
59,10,5,5,3,308,74,36,41,4,1,3,1,178,28,15,1,0,3,3
56,8,3,5,3,301,80,50,44,7,0,7,1,195,42,20,0,0,0,0
63,6,3,3,3,332,93,20,37,1,0,1,0,135,52,2,3,0,1,0
69,7,3,4,2,431,73,29,31,1,0,1,1,157,44,1,1,0,3,0
50,3,2,1,1,267,61,15,50,6,3,3,3,250,62,7,0,1,2,0
39,2,0,2,1,191,57,13,61,9,6,3,6,306,51,15,0,2,1,1
49,5,0,5,6,228,59,12,51,7,2,5,5,254,44,19,0,1,1,0
42,4,2,2,0,182,63,22,58,2,2,0,1,263,38,7,1,0,0,0
51,5,2,3,2,271,56,17,49,3,0,3,2,236,53,16,1,0,3,0
50,7,2,5,3,189,51,28,50,5,1,4,0,189,48,25,1,1,0,0
30,8,4,4,3,109,30,15,70,7,1,6,3,336,88,28,2,1,2,0
57,6,2,4,2,214,51,13,43,11,5,6,2,119,60,27,0,2,1,1
55,3,1,2,3,235,52,19,45,5,1,4,3,188,54,20,0,0,1,0
29,1,1,0,0,105,25,5,71,6,4,2,6,436,96,43,1,0,1,0
65,5,3,2,3,375,89,35,35,8,0,8,1,188,46,13,0,0,1,1
63,7,3,4,2,328,86,19,37,3,1,2,1,183,48,9,1,1,0,0
48,5,1,4,2,200,42,13,52,9,3,6,8,243,88,19,1,1,0,3
52,2,2,0,1,201,44,17,48,7,2,5,2,195,52,18,0,2,1,1
42,6,1,5,1,184,59,18,58,1,0,1,3,263,51,14,0,0,0,0
71,12,4,8,4,403,107,34,29,3,0,3,3,110,27,12,2,0,1,1
51,5,2,3,1,292,50,12,49,5,2,3,1,294,68,30,1,0,2,0
55,8,3,5,9,267,52,25,45,5,2,3,2,175,35,17,0,0,1,1
46,2,1,1,0,202,33,10,54,9,4,5,2,252,62,23,1,2,1,1
59,8,2,6,0,292,65,26,41,4,4,0,0,160,46,18,0,2,2,1
49,4,0,4,2,220,59,32,51,4,2,2,0,224,44,15,0,1,1,2
37,5,2,3,4,146,48,17,63,3,2,1,0,223,48,16,0,2,1,2
64,12,5,7,3,310,78,33,36,3,1,2,1,163,26,8,3,0,5,0
58,1,0,1,1,234,54,29,42,10,3,7,3,175,62,28,0,1,0,1
42,2,1,1,2,145,62,30,58,2,0,2,1,246,57,12,0,0,0,1
45,4,1,3,1,228,32,5,55,8,2,6,2,296,41,18,0,0,1,1
52,6,2,4,2,194,61,27,48,1,1,0,0,161,40,2,1,1,1,0
44,11,5,6,2,227,42,24,56,3,1,2,1,172,43,21,3,1,2,0
57,1,0,1,3,211,39,11,43,4,1,3,3,155,55,21,0,0,2,1
72,3,1,2,2,412,98,26,28,1,1,0,1,111,33,17,0,1,2,0
45,6,3,3,4,235,77,24,55,6,4,2,0,211,34,13,1,2,1,0
38,14,7,7,4,96,39,11,62,7,1,6,5,274,32,21,1,0,1,1
42,6,3,3,0,173,39,15,58,1,0,1,0,243,54,16,2,0,1,2
35,6,1,5,2,140,25,10,65,13,7,6,5,336,80,33,1,2,1,0
61,3,2,1,1,336,57,23,39,5,1,4,1,206,33,8,1,0,3,0
74,15,6,9,4,414,93,50,26,7,1,6,2,103,32,2,2,1,0,1
44,7,1,6,3,251,44,28,56,3,2,1,1,360,64,13,0,1,1,0
45,7,1,6,2,171,61,19,55,6,2,4,4,245,45,19,1,1,0,1
52,9,4,5,3,257,56,38,48,3,2,1,0,219,51,14,0,1,0,0
62,5,1,4,3,274,63,28,38,7,4,3,4,145,39,21,0,3,1,1
43,4,1,3,2,185,39,13,57,2,2,0,0,345,64,13,0,1,1,2
48,4,3,1,2,224,42,29,52,3,2,1,3,243,45,18,2,1,0,3
83,9,5,4,4,242,67,17,17,9,3,6,0,150,45,15,1,1,1,0
55,7,4,3,1,332,57,18,45,2,2,0,1,215,36,7,2,1,1,0
50,3,1,2,0,255,63,9,50,2,1,1,2,295,68,20,1,0,1,0
49,6,2,4,0,201,59,26,51,4,1,3,5,195,35,21,1,1,2,3
54,1,0,1,0,244,40,5,46,3,3,0,1,222,58,15,0,0,1,1
44,8,1,7,3,163,60,20,56,10,5,5,0,218,54,20,0,2,1,2
66,10,6,4,5,282,67,27,34,6,2,4,1,103,19,4,2,2,1,2
42,18,6,12,6,126,54,27,58,2,1,1,2,221,41,20,2,1,1,0
49,10,3,7,5,236,65,22,51,8,2,6,4,232,44,10,0,1,1,0
45,1,0,1,1,189,46,25,55,7,2,5,3,211,42,15,0,1,1,0
47,4,1,3,3,206,55,29,53,4,2,2,1,251,44,15,1,0,1,0
62,7,0,7,4,201,45,33,38,7,2,5,2,107,42,13,0,2,0,0
57,4,2,2,1,294,67,18,43,2,0,2,0,258,53,10,2,0,1,1
54,10,5,5,5,283,70,20,46,4,1,3,2,245,29,9,1,1,1,1
61,7,2,5,1,219,44,18,39,2,1,1,3,142,62,16,2,1,1,0
66,8,2,6,4,325,66,30,34,4,2,2,0,150,24,11,0,2,3,1
50,3,2,1,2,236,54,13,50,6,3,3,3,226,56,16,1,2,0,2
57,0,0,0,0,283,69,19,43,8,2,6,3,211,51,18,0,0,1,2
58,11,6,5,0,333,67,22,42,1,1,0,1,252,44,12,5,0,0,0
47,6,3,3,2,267,54,11,53,0,0,0,0,325,59,13,0,0,0,1
56,5,1,4,5,245,53,31,44,1,0,1,0,200,52,13,0,0,0,0
47,11,3,8,3,219,68,35,53,5,2,3,2,247,49,6,2,0,0,0
32,5,1,4,3,122,35,11,68,11,4,7,2,376,75,45,0,2,0,1
53,9,1,8,2,240,60,24,47,6,3,3,3,196,36,18,0,3,1,0
54,5,1,4,0,162,41,12,46,6,0,6,3,125,50,15,0,0,0,1
57,10,6,4,2,227,50,17,43,4,1,3,1,152,38,27,5,0,1,1
60,8,4,4,1,230,43,32,40,4,1,3,1,176,41,17,2,0,1,0
59,1,0,1,2,188,58,16,41,2,1,1,1,230,70,18,0,0,0,0
58,6,4,2,0,292,41,10,42,2,0,2,0,200,60,13,3,0,0,0
53,10,3,7,1,237,53,27,47,6,1,5,1,192,51,19,0,1,1,1
45,3,1,2,0,168,53,15,55,4,2,2,1,304,68,23,0,0,0,0
48,4,0,4,0,209,37,15,52,12,9,3,7,226,43,35,0,1,1,3
61,4,0,4,0,341,72,30,39,4,0,4,2,167,53,19,0,0,1,0
61,5,1,4,1,218,55,24,39,6,4,2,3,161,67,16,0,1,3,1
51,4,0,4,2,230,54,8,49,13,5,8,4,267,65,25,0,2,0,0
48,4,3,1,3,238,64,26,52,4,2,2,0,230,58,11,2,0,2,0
46,5,1,4,3,244,64,34,54,6,2,4,3,298,56,17,0,1,0,1
42,8,2,6,4,135,31,25,58,8,0,8,4,213,45,35,1,0,1,1
62,12,5,7,3,350,77,27,38,3,2,1,0,165,52,6,1,0,0,1
41,5,2,3,2,158,46,27,59,5,1,4,3,255,64,20,1,0,2,0
62,7,1,6,3,332,78,25,38,4,3,1,1,186,29,7,0,2,1,2
55,5,1,4,4,235,57,29,45,5,1,4,1,188,45,10,0,1,1,0
66,11,5,6,1,346,71,28,34,5,2,3,2,148,29,17,2,1,0,0
59,9,5,4,2,326,68,20,41,3,2,1,0,189,34,14,0,0,0,0
39,3,1,2,1,176,36,8,61,7,4,3,4,343,71,27,0,0,1,4
54,6,3,3,1,242,53,22,46,12,3,9,4,200,42,18,0,1,1,1
42,7,2,5,1,154,49,22,58,5,1,4,3,255,53,16,0,0,1,0
61,7,1,6,3,267,67,43,39,4,2,2,2,168,36,11,1,1,0,0
56,11,3,8,3,220,68,15,44,5,1,4,1,199,39,13,0,0,0,2
54,7,4,3,1,296,58,24,46,2,0,2,2,212,36,13,0,0,0,0
68,10,6,4,2,362,86,29,32,6,2,4,0,149,39,14,3,0,1,0
44,4,1,3,1,170,45,11,56,8,2,6,6,268,62,26,0,0,0,0
28,9,4,5,0,102,45,14,72,5,0,5,3,297,59,29,1,0,2,0
52,3,2,1,6,207,63,26,48,5,0,5,0,145,59,20,1,0,3,0
59,14,5,9,5,282,78,30,41,5,2,3,0,172,34,10,1,2,2,0
51,8,2,6,6,139,44,41,49,3,1,2,1,163,34,23,0,0,0,2
42,5,0,5,2,139,45,22,58,2,1,1,0,237,53,12,0,0,0,1
52,4,1,3,0,253,43,14,48,7,4,3,1,280,73,29,1,4,0,2
59,10,2,8,2,284,52,20,41,3,2,1,2,192,56,27,1,0,0,0
56,9,2,7,8,223,42,30,44,4,2,2,0,161,69,21,0,1,2,0
47,6,1,5,2,213,36,26,53,4,2,2,0,223,59,19,0,0,0,1
58,8,3,5,2,234,52,22,42,1,1,0,0,139,56,19,1,0,1,0
48,7,4,3,4,168,43,21,52,0,0,0,2,228,35,16,2,0,1,2
43,5,3,2,3,190,28,14,57,8,4,4,4,298,42,15,1,1,0,0
50,8,3,5,1,231,65,24,50,2,1,1,1,213,43,6,1,0,0,1
49,3,1,2,0,239,37,22,51,8,1,7,1,252,44,13,0,0,0,1
56,7,3,4,4,280,72,21,44,5,2,3,0,212,40,4,1,2,2,0
62,11,3,8,3,324,74,39,38,5,1,4,1,174,33,10,1,1,0,0
54,7,3,4,1,183,57,28,46,5,1,4,3,187,46,21,1,0,1,1
45,2,1,1,2,203,42,10,55,6,2,4,4,269,75,25,0,1,1,3
65,5,1,4,0,396,73,22,35,2,2,0,1,156,28,6,0,1,1,0
53,4,2,2,5,182,42,21,47,5,1,4,4,166,49,33,1,0,0,0
45,4,1,3,3,160,62,20,55,4,0,4,0,205,68,29,0,0,0,1
40,3,2,1,3,184,60,23,60,4,3,1,3,337,58,13,0,1,1,0
51,2,0,2,2,196,54,16,49,1,0,1,0,227,76,13,0,0,0,1
36,5,2,3,1,135,44,16,64,10,3,7,5,318,85,32,0,0,0,1
58,8,4,4,1,274,64,19,42,5,2,3,4,174,37,4,1,2,1,0
71,12,4,8,3,420,97,43,29,6,1,5,1,141,39,15,1,0,2,0
64,7,3,4,4,308,67,37,36,9,1,8,4,155,27,16,1,0,2,0
42,5,1,4,2,127,33,29,58,8,3,5,7,193,55,25,0,0,1,1
45,3,1,2,0,116,50,7,55,8,0,8,4,209,57,24,1,0,2,1
50,13,3,10,4,191,46,45,50,5,2,3,1,200,48,14,0,0,2,1
38,3,1,2,1,193,30,9,62,9,4,5,8,340,58,25,0,1,1,5
52,6,4,2,2,268,69,12,48,6,4,2,3,229,46,19,2,0,4,0
68,6,2,4,1,422,93,30,32,2,2,0,2,111,30,11,0,1,4,0
57,7,5,2,2,276,67,24,43,5,1,4,3,189,53,18,0,0,1,0
50,7,1,6,5,236,79,24,50,4,2,2,0,200,49,14,0,0,1,0
51,11,3,8,4,152,33,25,49,10,4,6,3,164,44,21,1,2,0,0
55,5,1,4,4,244,61,28,45,3,0,3,0,180,51,14,0,0,1,1
53,7,3,4,2,240,54,17,47,3,0,3,0,232,40,10,1,0,0,2
44,9,2,7,1,163,49,35,56,3,2,1,2,246,51,15,0,1,3,1
56,12,5,7,10,233,40,49,44,4,3,1,2,183,36,29,1,0,1,0
39,4,1,3,1,199,68,34,61,6,3,3,3,386,58,19,0,2,0,1
66,11,1,10,7,377,103,41,34,3,1,2,0,139,31,15,1,0,3,2
60,8,1,7,0,315,65,20,40,7,4,3,1,203,49,17,1,0,2,2
46,9,6,3,1,152,35,15,54,6,1,5,3,295,40,11,4,1,0,1
59,11,2,9,6,257,60,31,41,7,2,5,1,183,54,11,0,1,0,1
57,7,1,6,1,202,41,24,43,13,5,8,3,137,58,23,0,1,1,0
51,12,5,7,3,165,21,5,49,8,3,5,2,216,31,16,1,0,1,1
59,1,1,0,3,291,62,20,41,1,0,1,2,215,37,6,1,0,2,1
58,4,2,2,2,224,68,10,42,7,4,3,1,143,42,29,1,1,3,0
53,1,1,0,1,250,62,20,47,6,5,1,5,197,43,17,1,3,1,2
54,16,7,9,2,293,71,16,46,6,3,3,0,232,47,8,2,1,1,1
43,6,3,3,3,159,57,18,57,7,3,4,5,250,51,11,1,1,0,0
59,9,5,4,3,223,46,19,41,6,1,5,3,148,42,15,1,0,1,0
49,5,1,4,4,181,47,15,51,6,1,5,3,223,78,24,1,0,0,0
45,2,1,1,1,200,35,13,55,6,0,6,1,278,65,39,0,0,2,0
50,8,3,5,2,225,46,20,50,9,2,7,8,232,44,40,1,1,1,2
49,9,2,7,4,229,75,24,51,2,1,1,3,216,49,17,1,0,0,1
36,2,1,1,1,153,21,7,64,16,10,6,7,389,111,36,0,2,1,2
56,3,1,2,1,244,73,29,44,6,2,4,2,192,46,18,0,0,2,0
53,9,4,5,1,209,47,14,47,6,3,3,4,190,52,25,1,2,1,0
57,8,3,5,1,317,70,20,43,5,2,3,1,194,60,41,1,1,0,1
64,9,6,3,5,357,65,27,36,4,1,3,3,134,36,15,2,0,3,1
57,7,1,6,3,264,58,32,43,2,0,2,0,207,46,7,1,0,1,0
52,5,5,0,2,177,61,19,48,10,2,8,4,224,65,30,1,0,1,1
51,8,1,7,6,264,54,32,49,1,1,0,2,284,40,8,1,1,1,2
63,9,3,6,5,317,87,27,37,4,4,0,1,167,46,11,0,2,0,0
45,7,2,5,1,156,62,25,55,3,1,2,5,198,50,18,1,1,1,1
48,6,2,4,0,221,52,34,52,5,1,4,2,206,45,30,1,1,0,0
43,8,1,7,4,192,56,22,57,10,2,8,4,219,52,25,0,0,1,2
52,3,1,2,1,234,56,17,48,9,4,5,6,271,69,33,0,2,0,2
58,5,1,4,6,225,73,26,42,3,2,1,1,160,51,14,0,0,1,0
49,8,5,3,0,275,84,29,51,2,1,1,1,259,37,8,0,1,0,1
46,3,2,1,0,202,41,15,54,4,2,2,2,264,60,24,1,1,1,0
53,4,2,2,3,238,75,25,47,1,0,1,1,225,62,12,0,0,0,0
70,11,4,7,6,396,81,25,30,1,1,0,0,162,34,8,3,0,2,1
54,6,1,5,4,191,56,40,46,4,1,3,1,177,51,29,0,0,1,0
49,4,1,3,3,242,29,17,51,7,4,3,0,226,42,15,0,2,1,1
41,8,3,5,2,208,48,23,59,8,3,5,5,341,75,25,2,0,0,3
64,7,3,4,3,287,74,26,36,4,3,1,2,135,43,11,1,1,1,1
54,12,4,8,5,227,68,36,46,6,2,4,5,188,41,25,1,0,1,2
44,5,2,3,1,192,43,9,56,5,1,4,2,292,73,21,0,0,0,0
59,7,3,4,1,270,66,25,41,5,2,3,2,171,55,10,2,1,1,0
63,9,4,5,3,393,56,29,37,1,0,1,0,180,51,11,1,0,3,1
58,7,4,3,2,322,82,25,42,5,3,2,2,222,39,22,1,2,0,0
51,4,1,3,2,240,50,29,49,4,1,3,0,246,56,17,0,0,1,0
46,9,4,5,1,175,57,23,54,5,3,2,4,252,51,23,1,1,1,0
45,8,1,7,1,187,39,14,55,5,2,3,2,270,65,17,0,1,3,1
55,4,0,4,0,256,48,14,45,5,2,3,1,236,58,16,0,1,0,0
59,8,3,5,5,258,62,20,41,3,1,2,2,172,52,28,1,0,0,0
46,2,0,2,1,166,55,24,54,6,2,4,4,180,50,23,0,0,0,0
60,8,4,4,6,275,55,33,40,10,4,6,2,194,41,8,0,1,1,0
68,6,0,6,6,387,75,29,32,1,1,0,1,123,38,10,0,0,0,2
61,9,4,5,1,408,102,50,39,4,2,2,2,228,35,6,1,0,3,0
27,1,0,1,1,138,37,14,73,8,2,6,0,366,60,21,0,1,1,0
55,11,4,7,4,231,57,19,45,4,1,3,1,224,55,22,1,0,1,2
74,7,3,4,1,329,79,22,26,4,1,3,3,143,35,14,1,0,2,0
49,6,2,4,1,275,43,18,51,4,1,3,1,238,46,21,0,0,0,0
48,5,3,2,1,239,43,5,52,3,1,2,1,226,63,21,1,1,1,2
53,7,2,5,3,199,56,22,47,2,1,1,1,151,40,20,0,0,2,0
67,8,4,4,1,327,101,33,33,4,1,3,0,165,32,3,2,0,2,0
40,10,2,8,5,138,45,18,60,10,4,6,4,220,58,14,1,1,1,2
39,4,0,4,0,237,31,15,61,12,5,7,3,378,75,26,0,1,0,4
57,4,2,2,3,231,49,21,43,4,2,2,1,204,33,4,2,2,3,0
49,3,2,1,1,228,66,8,51,3,2,1,3,238,60,22,0,0,1,0
51,6,1,5,2,196,51,25,49,5,1,4,3,184,47,16,0,1,0,1
66,13,2,11,6,331,61,51,34,7,4,3,2,177,51,20,0,1,2,0
43,3,2,1,0,172,47,9,57,5,3,2,6,265,58,29,1,0,0,1
45,7,4,3,4,183,36,29,55,5,2,3,3,237,43,25,1,1,0,1
58,8,5,3,6,259,55,25,42,4,0,4,1,124,51,23,0,0,2,0
53,12,7,5,2,230,47,18,47,6,0,6,0,178,45,15,2,0,2,1
59,4,0,4,3,232,64,30,41,7,1,6,1,125,42,19,0,0,0,2
58,9,3,6,2,244,55,20,42,8,7,1,1,165,50,20,0,6,0,0
56,5,3,2,2,276,46,15,44,6,3,3,1,227,61,20,2,1,0,1
43,5,1,4,2,206,29,14,57,11,3,8,4,296,38,24,1,2,1,1
38,10,3,7,5,184,71,27,62,5,2,3,0,261,45,19,0,1,1,0
48,4,2,2,4,187,60,27,52,9,4,5,5,203,40,17,0,3,2,0
56,3,3,0,0,257,59,8,44,5,3,2,2,195,49,18,3,1,4,0
58,5,3,2,2,296,53,15,42,5,1,4,1,209,45,4,2,1,1,1
47,9,4,5,6,158,52,25,53,8,0,8,2,198,52,14,2,0,1,0
50,5,2,3,2,164,61,28,50,5,2,3,3,213,44,32,1,1,1,0
49,4,0,4,4,227,71,23,51,4,2,2,0,224,33,9,0,2,1,1
61,7,1,6,3,274,71,26,39,4,1,3,2,206,53,10,1,0,1,1
72,13,7,6,9,375,95,52,28,5,0,5,2,114,28,3,0,0,1,0
48,7,1,6,1,170,40,21,52,8,4,4,2,250,52,33,0,0,2,1
44,9,4,5,4,195,52,29,56,7,2,5,2,223,54,5,0,0,4,1
52,5,2,3,2,146,52,13,48,9,6,3,5,159,42,14,1,2,2,4
55,5,3,2,1,224,55,21,45,9,3,6,2,131,48,23,1,0,0,1
39,5,3,2,3,160,43,12,61,8,3,5,4,295,64,33,1,1,0,2
58,5,2,3,3,246,49,16,42,8,2,6,3,191,48,17,1,1,1,0
40,6,1,5,2,151,44,16,60,10,4,6,4,243,53,24,1,0,0,1
52,6,4,2,3,252,43,34,48,7,5,2,3,221,54,10,0,2,0,0
40,7,4,3,3,152,40,20,60,1,0,1,1,251,58,28,2,0,0,0
42,5,1,4,3,167,53,30,58,6,1,5,1,260,73,13,1,0,1,2
50,10,6,4,4,244,39,14,50,3,1,2,2,219,69,26,3,0,1,0
56,6,2,4,4,246,63,23,44,10,3,7,2,175,51,10,1,0,0,0
66,7,0,7,2,396,76,40,34,5,3,2,1,179,36,13,0,0,2,1
44,7,4,3,4,160,44,16,56,0,0,0,0,261,52,24,1,0,1,0
32,6,3,3,1,100,25,16,68,7,2,5,4,395,98,37,2,1,0,0
63,7,0,7,4,247,60,23,37,2,1,1,0,164,40,11,0,0,1,2
68,9,2,7,2,256,41,16,32,7,2,5,2,98,30,11,1,2,1,0
50,7,5,2,2,209,37,7,50,3,1,2,2,230,55,16,1,0,0,1
56,6,3,3,2,305,72,21,44,2,0,2,3,200,45,7,1,0,1,1
63,12,7,5,4,310,51,24,37,5,1,4,4,156,51,26,1,0,1,1
42,4,0,4,1,174,47,9,58,3,0,3,0,286,45,30,0,0,2,0
60,6,3,3,5,349,70,13,40,3,1,2,1,202,62,12,0,1,0,0
69,6,2,4,0,369,69,20,31,3,2,1,0,144,24,9,1,0,0,0
48,5,2,3,3,190,59,19,52,8,3,5,1,250,51,16,0,1,1,0
64,8,3,5,4,366,79,21,36,5,1,4,0,127,30,12,2,0,0,1
39,13,6,7,4,127,42,14,61,6,1,5,3,258,52,19,1,1,3,0
48,4,1,3,3,232,47,13,52,8,5,3,4,291,56,22,0,1,1,0
52,9,4,5,3,228,58,22,48,10,4,6,3,237,57,22,1,1,0,1
55,4,0,4,7,212,62,28,45,6,3,3,1,173,46,14,0,0,0,2
44,3,2,1,1,237,46,20,56,7,2,5,1,286,55,17,1,0,1,0
60,9,4,5,2,258,60,20,40,1,0,1,1,160,43,19,2,0,1,1
34,4,1,3,4,157,51,14,66,10,4,6,1,347,75,23,1,3,1,2
49,11,3,8,6,246,49,29,51,4,2,2,2,244,50,18,2,0,0,0
44,6,3,3,1,141,56,11,56,3,3,0,2,224,58,19,1,0,1,0
58,5,1,4,1,323,78,13,42,7,1,6,0,215,36,20,0,1,1,0
59,6,1,5,3,217,63,33,41,6,3,3,2,136,44,16,0,2,2,0
45,6,3,3,0,200,43,8,55,5,0,5,4,222,69,27,1,0,0,0
33,5,2,3,1,149,48,13,67,10,5,5,2,385,76,21,0,2,1,1
59,6,3,3,0,398,68,17,41,3,0,3,1,211,43,21,2,0,2,0
57,3,0,3,2,244,62,19,43,7,4,3,2,136,57,21,0,1,4,0
48,6,3,3,2,193,34,18,52,8,3,5,0,199,57,16,0,1,0,1
56,9,5,4,3,230,54,29,44,2,1,1,2,164,53,16,3,0,1,1
56,9,4,5,5,199,44,22,44,4,0,4,1,138,48,11,1,0,0,1
49,4,2,2,4,249,44,23,51,15,7,8,2,278,62,25,0,5,1,0
63,15,3,12,6,348,93,26,37,2,1,1,0,174,34,10,1,1,0,0
77,8,3,5,3,406,93,30,23,1,0,1,0,98,31,11,1,0,2,1
59,6,2,4,4,248,47,16,41,6,3,3,0,150,59,22,0,1,1,1
53,7,0,7,2,225,40,20,47,9,3,6,2,197,64,14,0,1,1,0
53,3,1,2,2,213,58,23,47,4,0,4,1,168,56,23,0,0,0,1
44,2,0,2,1,199,53,16,56,6,1,5,0,287,54,13,0,0,2,0
54,3,2,1,1,246,58,22,46,5,0,5,1,202,41,23,1,0,4,0
41,9,2,7,1,143,61,25,59,8,3,5,1,272,48,21,0,2,0,2
68,11,5,6,5,373,90,29,32,3,2,1,1,144,39,6,1,1,0,1
51,5,1,4,1,190,36,17,49,5,0,5,2,159,45,22,1,0,0,2
56,10,4,6,1,281,37,22,44,4,1,3,1,178,80,27,0,0,3,0
69,5,1,4,3,337,69,19,31,3,2,1,0,117,44,11,1,1,1,0
40,5,1,4,1,155,40,7,60,5,2,3,4,292,70,19,0,1,1,1
45,7,3,4,7,207,33,25,55,7,2,5,1,260,53,18,1,0,2,1
49,4,1,3,3,184,52,25,51,8,4,4,4,214,44,21,1,2,0,1
65,10,2,8,4,249,66,39,35,4,1,3,0,95,36,7,0,1,3,0
59,9,6,3,4,276,63,17,41,3,1,2,3,134,31,15,3,0,0,0
49,7,1,6,4,199,57,30,51,2,1,1,1,236,38,5,0,0,0,0
57,5,1,4,2,300,54,15,43,2,0,2,1,198,41,7,1,0,0,0
67,4,1,3,3,294,75,27,33,10,3,7,2,120,53,10,0,0,1,0
53,2,1,1,2,173,27,28,47,9,1,8,3,165,48,21,1,1,0,0
60,7,1,6,3,221,51,33,40,8,2,6,1,171,37,23,1,1,2,0
59,10,6,4,0,259,51,27,41,2,1,1,1,164,45,7,3,0,3,0
52,11,2,9,2,260,57,20,48,3,0,3,1,209,51,17,0,0,1,0
30,5,1,4,5,122,34,22,70,7,2,5,2,365,67,26,0,2,1,1
57,8,1,7,4,227,53,16,43,4,2,2,3,158,64,14,0,1,1,0
60,6,3,3,0,332,70,27,40,4,2,2,3,236,34,16,2,0,2,2
54,8,3,5,1,275,56,23,46,2,2,0,1,212,52,13,1,2,0,1
49,5,2,3,2,161,47,20,51,6,2,4,3,212,70,19,0,0,1,1
47,7,2,5,3,202,53,36,53,9,0,9,5,259,56,30,0,0,0,0
39,6,0,6,2,109,32,19,61,5,0,5,4,261,56,21,0,0,1,0
64,11,7,4,1,330,61,34,36,3,1,2,2,138,42,17,4,0,3,0
44,3,1,2,1,145,45,15,56,5,0,5,3,194,55,17,0,0,0,0
53,6,0,6,2,202,55,21,47,5,1,4,2,161,50,29,0,0,2,1
62,8,1,7,2,310,50,17,38,7,2,5,2,156,51,19,1,1,2,0
56,4,1,3,2,188,61,33,44,3,2,1,2,137,35,15,0,2,1,1
58,8,2,6,1,295,93,25,42,4,2,2,2,181,40,10,0,0,1,1
52,5,3,2,1,229,57,26,48,8,1,7,5,188,50,16,0,1,1,3
42,5,2,3,0,193,48,7,58,7,3,4,1,296,58,18,2,1,1,3
51,2,0,2,0,192,32,13,49,11,4,7,1,208,58,36,0,1,1,0
31,2,1,1,1,105,60,19,69,2,1,1,1,339,54,17,0,1,0,1
59,3,0,3,0,224,52,9,41,7,2,5,4,143,48,20,0,1,0,1
45,5,2,3,2,188,51,16,55,6,3,3,3,184,48,21,0,0,0,0
56,5,1,4,4,240,50,13,44,5,2,3,0,183,45,15,0,0,1,0
33,6,4,2,1,126,52,14,67,7,2,5,3,370,72,15,2,0,0,1
61,7,2,5,5,342,84,35,39,5,3,2,1,178,39,13,2,0,3,0
33,4,2,2,0,142,34,15,67,4,3,1,1,393,75,8,0,1,1,0
43,6,3,3,2,175,52,16,57,7,2,5,4,282,53,14,1,2,0,2
70,10,2,8,4,249,74,41,30,5,0,5,1,86,26,11,0,0,2,1
45,10,4,6,1,133,45,14,55,3,0,3,1,179,46,15,2,0,1,0
57,10,7,3,4,235,54,20,43,7,5,2,2,139,33,29,2,3,0,0
65,10,4,6,3,346,78,42,35,2,1,1,1,152,28,13,0,0,3,2
57,9,1,8,2,251,70,29,43,4,0,4,2,150,44,23,0,0,3,2
62,4,3,1,2,330,74,25,38,5,3,2,2,159,32,11,2,1,0,1
47,8,3,5,5,180,42,22,53,5,3,2,1,240,70,13,2,0,2,0
53,6,3,3,1,167,39,12,47,8,2,6,3,138,48,19,1,0,1,0
62,8,2,6,3,235,76,24,38,1,0,1,0,141,53,11,0,0,0,0
31,4,2,2,0,110,47,7,69,11,2,9,2,360,63,27,1,0,1,1
60,5,2,3,1,272,54,14,40,2,1,1,0,159,56,6,0,1,1,0
41,3,1,2,1,149,31,8,59,6,1,5,3,245,55,27,0,0,1,2
57,16,7,9,4,261,74,43,43,4,2,2,2,195,41,12,1,0,3,0
59,8,2,6,3,212,65,30,41,7,4,3,3,158,27,16,1,1,2,0
37,4,1,3,3,121,39,20,63,6,1,5,5,322,74,35,1,0,0,0
67,6,4,2,5,340,56,27,33,1,0,1,1,159,37,14,3,1,2,1
49,3,1,2,1,185,44,22,51,5,3,2,4,224,55,34,0,0,0,0
41,3,0,3,4,146,33,16,59,5,2,3,2,230,46,28,0,1,0,3
56,8,4,4,3,287,58,21,44,4,1,3,2,189,36,10,2,0,3,1
32,2,2,0,0,136,26,14,68,10,3,7,4,357,82,20,1,1,0,0
64,12,4,8,4,300,85,36,36,2,0,2,1,136,18,19,1,0,0,0
41,4,1,3,1,164,52,18,59,8,5,3,3,315,80,25,1,1,0,0
62,4,3,1,1,239,59,31,38,2,0,2,2,121,43,14,1,0,0,3
43,7,5,2,4,205,51,25,57,3,0,3,0,260,42,18,1,0,2,0
61,13,6,7,1,358,58,22,39,2,1,1,0,147,22,8,2,0,0,0
59,7,3,4,1,241,73,29,41,7,2,5,3,166,34,15,2,0,1,0
61,14,6,8,2,311,77,44,39,4,2,2,2,129,33,25,0,2,2,0
52,4,2,2,2,237,40,19,48,7,4,3,4,205,43,17,0,1,2,0
40,5,1,4,2,207,51,24,60,4,1,3,1,321,62,15,0,1,1,1
53,5,3,2,1,211,36,12,47,8,3,5,3,202,56,31,2,1,2,1
56,6,0,6,1,293,63,25,44,4,0,4,1,231,36,7,0,0,1,1
48,7,1,6,11,183,56,49,52,4,2,2,1,203,46,9,0,0,1,0
65,11,6,5,3,299,74,29,35,3,1,2,3,163,38,8,1,0,0,2
45,7,4,3,1,288,56,31,55,3,1,2,1,338,49,12,2,0,0,2
47,1,0,1,0,184,36,7,53,17,4,13,6,247,63,43,0,0,0,3
42,3,3,0,2,219,55,7,58,3,1,2,1,333,59,11,1,1,0,3
57,10,3,7,3,284,48,31,43,7,3,4,1,236,52,15,1,0,0,3
47,3,2,1,2,154,48,12,53,8,2,6,1,154,50,20,0,0,1,1
50,3,2,1,0,248,44,13,50,5,1,4,2,240,55,22,2,1,2,1
47,5,2,3,3,126,47,16,53,3,1,2,1,181,60,9,1,1,1,1
41,4,2,2,2,189,38,12,59,5,2,3,6,256,51,28,0,1,1,0
47,9,3,6,1,227,45,23,53,2,0,2,1,262,43,19,0,0,2,0
58,7,3,4,1,299,93,23,42,1,0,1,2,218,31,8,0,0,2,1
49,4,0,4,3,297,42,17,51,4,0,4,0,283,61,15,0,0,1,1
54,15,7,8,4,271,39,36,46,5,3,2,1,237,40,18,4,0,1,2
65,10,6,4,2,312,54,29,35,3,0,3,0,129,42,20,2,0,4,0
53,7,5,2,3,159,48,17,47,6,1,5,5,115,31,16,1,1,2,1
58,11,5,6,5,291,64,32,42,4,0,4,1,178,34,5,2,0,1,0
45,6,3,3,1,187,53,25,55,2,1,1,2,247,54,11,3,0,1,2
50,2,2,0,1,199,43,14,50,7,2,5,3,222,71,26,1,0,1,1
64,14,8,6,7,261,56,32,36,6,2,4,2,134,55,19,3,2,2,0
56,6,4,2,5,238,44,33,44,5,2,3,4,204,39,17,3,0,3,0
34,3,1,2,0,145,29,19,66,5,2,3,8,338,94,42,0,0,1,2
51,3,1,2,1,164,48,14,49,6,2,4,5,176,37,23,0,0,1,0
52,9,3,6,6,193,46,22,48,7,2,5,0,162,51,14,1,0,1,0
38,2,0,2,1,148,43,13,62,9,4,5,2,317,56,24,0,0,0,1
41,6,3,3,1,130,42,11,59,7,3,4,3,272,50,16,2,1,0,0
48,7,5,2,0,168,39,16,52,5,0,5,3,248,47,16,3,0,0,1
59,6,2,4,5,348,53,20,41,4,3,1,0,195,61,19,1,2,0,0
55,3,1,2,3,207,44,23,45,3,2,1,3,160,44,20,0,1,2,2
59,6,3,3,2,264,61,19,41,6,2,4,3,192,49,21,3,0,0,0
74,13,4,9,5,374,101,68,26,1,0,1,0,97,28,9,0,0,2,0
51,10,4,6,4,167,77,25,49,7,1,6,2,197,37,11,0,1,2,0
53,4,1,3,0,262,43,15,47,4,1,3,4,209,72,18,1,0,0,1
48,8,4,4,5,160,39,30,52,7,3,4,5,195,55,28,0,0,0,1
62,11,2,9,5,321,62,31,38,3,2,1,1,150,40,9,1,0,0,0
49,12,3,9,3,284,52,33,51,4,2,2,3,336,62,20,1,0,1,1
34,5,1,4,2,152,28,17,66,4,1,3,2,341,87,17,0,0,0,0
43,6,3,3,2,158,46,15,57,8,3,5,3,234,48,29,1,1,0,0
59,3,2,1,0,390,75,20,41,3,1,2,1,196,41,18,0,0,0,1
39,4,2,2,0,202,42,12,61,9,4,5,2,384,67,30,1,0,1,0
50,13,6,7,3,161,44,17,50,2,0,2,2,235,35,17,2,0,2,0
55,6,4,2,1,198,57,19,45,7,2,5,2,201,54,25,3,0,1,0
49,4,1,3,0,157,41,18,51,8,4,4,3,137,33,24,0,3,1,2
52,3,1,2,5,194,61,13,48,7,2,5,2,201,45,12,0,2,2,2
49,1,0,1,1,207,62,20,51,7,4,3,2,215,51,15,0,2,1,1
27,5,0,5,1,118,40,25,73,5,1,4,3,422,63,39,0,1,3,0
40,3,1,2,0,170,45,21,60,3,1,2,1,301,42,14,1,0,0,1
48,2,0,2,2,252,75,23,52,6,1,5,1,306,53,15,0,0,0,0
51,6,2,4,2,178,59,19,49,2,1,1,1,202,52,10,1,0,0,1
54,5,1,4,3,219,53,28,46,2,1,1,1,209,60,14,0,0,1,2
50,4,2,2,4,298,69,38,50,3,1,2,0,252,32,7,0,1,1,0
62,8,1,7,4,366,76,35,38,0,0,0,2,186,50,16,1,0,0,1
62,6,2,4,2,237,55,22,38,3,1,2,2,156,60,20,0,1,1,0
66,7,4,3,2,357,75,19,34,3,2,1,2,168,38,9,3,1,0,1
51,5,1,4,3,272,55,31,49,5,5,0,2,268,60,26,0,2,3,1
54,7,3,4,5,121,49,9,46,6,2,4,7,114,38,27,2,1,3,1
53,9,2,7,7,141,55,26,47,3,0,3,2,118,36,18,1,0,1,0
52,4,1,3,2,233,53,17,48,4,1,3,1,223,55,27,0,1,2,2
46,6,3,3,1,174,35,12,54,4,1,3,4,213,69,25,1,0,1,0
33,2,0,2,3,106,47,16,67,8,3,5,3,256,66,21,0,1,0,0
53,9,1,8,5,184,55,40,47,6,2,4,1,163,32,22,1,2,0,1
44,7,4,3,1,212,51,10,56,4,1,3,2,275,57,17,2,0,1,1
64,8,3,5,5,330,83,34,36,2,0,2,0,150,37,21,1,0,1,1
40,4,1,3,1,167,30,16,60,10,4,6,2,325,72,33,0,0,0,1
47,3,2,1,0,226,67,33,53,3,1,2,1,235,61,14,0,0,2,2
52,5,3,2,1,231,52,13,48,3,0,3,5,184,61,21,0,0,1,2
56,6,3,3,6,204,51,32,44,2,2,0,1,221,31,9,0,0,0,0
45,12,6,6,1,265,58,19,55,3,0,3,1,306,65,35,3,0,1,2
50,6,3,3,2,238,45,17,50,2,0,2,1,234,44,11,0,0,1,1
71,6,1,5,1,384,73,30,29,6,3,3,1,151,55,9,0,1,0,2
48,8,2,6,5,146,46,26,52,8,4,4,2,177,45,22,0,0,0,3
44,5,1,4,1,175,61,20,56,7,2,5,1,232,56,18,0,0,3,0
60,9,2,7,2,291,63,27,40,2,1,1,4,174,34,11,0,2,2,0
58,10,4,6,7,287,66,36,42,5,2,3,1,134,36,9,1,1,0,0
42,6,3,3,3,149,53,23,58,2,0,2,2,229,57,22,0,0,1,1
52,7,3,4,5,262,59,22,48,1,1,0,0,245,60,14,0,1,2,0
34,6,1,5,1,115,44,29,66,12,2,10,6,268,66,34,0,0,2,0
63,5,5,0,0,380,53,19,37,7,3,4,4,197,35,17,4,1,2,0
58,4,2,2,6,174,49,31,42,5,2,3,1,98,38,13,0,0,1,1
36,3,0,3,1,147,41,6,64,4,0,4,1,294,61,31,0,0,1,0
55,10,4,6,6,152,54,19,45,4,1,3,2,152,41,20,2,0,1,1
52,5,1,4,1,214,55,19,48,4,1,3,5,221,54,34,0,0,0,1
61,8,2,6,4,269,35,19,39,3,1,2,4,180,28,16,0,0,2,2
55,10,2,8,2,254,53,16,45,5,1,4,1,191,60,21,0,0,1,1
49,5,1,4,1,224,84,16,51,6,1,5,1,267,58,11,1,1,1,2
59,4,1,3,1,251,50,9,41,5,0,5,1,168,69,24,1,0,1,1
35,3,1,2,1,114,51,14,65,10,5,5,5,293,54,31,0,1,2,1
63,12,6,6,5,274,67,36,37,4,2,2,2,138,28,9,4,1,1,2
50,2,0,2,1,263,62,21,50,2,0,2,1,254,63,16,0,0,1,1
43,6,3,3,4,128,62,18,57,1,1,0,4,196,45,10,1,0,0,1
69,6,2,4,7,426,85,37,31,4,1,3,0,157,30,11,0,0,3,0
60,6,4,2,3,231,55,33,40,3,2,1,0,153,44,10,0,1,0,1
54,8,4,4,3,244,67,20,46,4,2,2,1,207,45,22,2,2,0,0
62,7,5,2,6,328,23,8,38,3,0,3,0,174,24,5,2,0,2,1
44,6,2,4,2,209,42,24,56,8,4,4,2,309,64,36,0,1,1,1
49,6,3,3,0,205,58,13,51,9,4,5,4,257,57,22,1,1,1,0
48,8,4,4,5,247,45,17,52,2,2,0,1,239,49,17,0,0,0,0
62,3,2,1,2,200,60,20,38,3,2,1,2,108,39,25,0,1,0,1
45,7,3,4,8,163,58,43,55,4,0,4,1,212,45,20,1,0,0,0
51,3,2,1,2,264,55,23,49,4,1,3,1,280,44,14,0,0,0,0
52,5,2,3,3,238,46,15,48,4,2,2,1,245,64,20,2,0,0,1
68,8,5,3,4,394,99,44,32,2,1,1,1,154,25,9,3,0,0,0
45,3,2,1,0,217,55,12,55,7,2,5,2,299,63,20,1,0,0,1
44,8,5,3,3,168,53,18,56,4,2,2,1,255,52,24,2,0,0,1
55,2,1,1,6,228,47,34,45,4,3,1,1,188,39,21,0,1,0,1
52,4,0,4,0,162,54,11,48,2,1,1,2,170,59,13,0,0,2,0
38,2,0,2,3,159,41,17,62,14,6,8,9,323,82,32,0,1,0,0
56,6,3,3,0,334,50,17,44,1,0,1,2,277,65,14,2,0,0,1
59,6,3,3,1,275,58,13,41,4,2,2,0,163,55,31,2,0,1,0
34,4,2,2,0,160,55,13,66,5,0,5,0,371,70,11,1,0,3,0
62,8,4,4,1,277,68,11,38,4,3,1,2,140,46,27,1,2,1,1
55,6,2,4,2,294,55,15,45,7,4,3,2,208,58,21,2,0,2,1
56,4,3,1,4,235,76,27,44,1,0,1,1,166,42,12,0,0,0,0
47,7,2,5,2,233,55,20,53,0,0,0,0,301,61,9,1,0,1,0
52,12,5,7,4,269,53,20,48,6,1,5,0,246,44,16,1,1,2,1
51,7,3,4,0,149,58,14,49,5,2,3,2,154,59,16,0,1,0,1
47,5,3,2,2,211,57,27,53,7,2,5,4,255,58,22,1,0,2,0
39,2,0,2,1,188,57,16,61,6,2,4,1,338,62,28,0,1,0,2
50,7,2,5,2,181,59,28,50,4,0,4,0,231,28,17,0,0,1,0
48,3,0,3,1,210,56,15,52,3,0,3,4,286,52,26,0,0,3,0
41,11,3,8,4,153,60,27,59,3,1,2,4,299,35,9,1,1,3,0
56,5,1,4,1,265,52,12,44,1,1,0,2,200,60,20,1,0,0,2
62,11,5,6,3,317,67,34,38,1,0,1,1,142,46,19,1,0,2,0
54,4,2,2,3,285,81,27,46,4,1,3,2,225,44,12,0,1,2,0
50,1,1,0,3,245,58,19,50,8,3,5,2,235,49,28,0,1,1,2
52,8,5,3,2,201,80,20,48,4,1,3,3,177,50,6,2,1,1,0
39,5,2,3,3,176,47,19,61,4,1,3,0,289,57,22,0,0,0,2
47,5,2,3,4,166,67,34,53,2,0,2,2,152,40,15,0,0,0,0
40,7,2,5,2,200,53,22,60,7,3,4,3,339,51,21,1,3,1,1
55,7,4,3,3,211,62,11,45,6,2,4,4,190,50,14,0,0,0,2
58,10,4,6,6,246,56,19,42,8,1,7,1,178,40,12,0,0,0,0
58,10,7,3,4,170,50,23,42,5,0,5,4,123,37,22,3,0,2,2
67,8,1,7,8,317,73,41,33,2,1,1,0,140,19,4,1,1,4,0
57,5,2,3,3,355,65,27,43,5,0,5,0,190,51,5,2,0,1,0
49,5,0,5,4,223,56,33,51,6,2,4,0,249,50,13,0,0,0,0
55,4,2,2,2,253,76,23,45,0,0,0,1,210,50,20,1,0,1,1
58,1,1,0,0,269,60,14,42,8,3,5,1,246,50,20,0,0,1,0
48,5,2,3,2,210,45,12,52,3,1,2,4,229,38,22,0,1,0,1
48,5,1,4,0,155,50,27,52,4,0,4,6,163,50,21,0,0,0,0
67,8,4,4,5,369,89,40,33,2,0,2,2,163,30,10,1,0,0,1
57,4,4,0,1,195,43,11,43,8,2,6,3,214,53,25,2,1,1,0
48,4,0,4,0,165,43,22,52,3,2,1,1,193,68,17,0,1,0,1
47,7,4,3,1,199,37,15,53,5,2,3,2,250,69,13,0,2,1,2
43,8,4,4,1,133,42,12,57,5,1,4,0,206,81,15,3,0,2,2
49,10,4,6,1,192,54,25,51,2,1,1,3,191,46,19,1,0,1,1
54,5,2,3,3,331,66,33,46,5,1,4,3,244,35,6,1,0,1,1
48,8,1,7,1,181,50,12,52,5,2,3,1,233,50,25,0,0,1,0
53,4,1,3,0,184,38,20,47,5,1,4,3,160,57,29,1,0,1,0
52,8,3,5,0,256,58,32,48,4,2,2,0,248,59,13,0,1,1,0
54,5,1,4,4,229,51,18,46,4,2,2,1,190,51,24,1,1,0,1
34,2,1,1,2,181,37,12,66,6,4,2,2,374,77,21,1,1,0,1
73,8,2,6,4,406,59,31,27,2,1,1,3,141,33,21,0,1,1,0
36,3,1,2,2,123,40,11,64,7,3,4,2,246,57,22,0,3,0,2
46,5,1,4,4,162,60,23,54,4,2,2,2,212,39,13,1,1,1,1
45,1,0,1,0,228,49,12,55,11,8,3,3,298,62,36,0,4,1,2
56,7,3,4,1,334,70,19,44,6,4,2,0,238,31,10,0,2,2,1
67,16,6,10,4,282,55,29,33,4,2,2,2,119,36,11,2,2,2,1
54,10,5,5,0,236,47,17,46,4,2,2,2,254,66,25,5,1,2,0
52,5,2,3,1,207,62,17,48,2,0,2,1,175,52,20,2,0,1,1
43,7,1,6,4,172,48,13,57,8,1,7,3,234,80,22,1,0,2,0
55,6,3,3,0,271,69,11,45,5,2,3,3,236,43,22,1,1,0,0
42,6,0,6,0,166,37,12,58,8,4,4,2,259,65,14,0,1,3,0
50,6,5,1,0,219,46,10,50,5,1,4,3,222,44,31,3,0,3,0
40,3,1,2,1,197,50,16,60,2,1,1,1,335,65,12,0,1,1,0
62,6,5,1,1,286,55,15,38,1,0,1,1,157,44,7,4,0,0,1
39,9,5,4,3,176,74,29,61,5,0,5,0,244,50,9,1,0,0,1
34,3,1,2,2,122,24,10,66,11,2,9,3,311,75,36,0,1,0,1
52,5,3,2,2,157,49,23,48,4,1,3,1,156,65,20,0,0,0,1
49,6,2,4,2,256,51,22,51,2,1,1,1,256,49,14,1,0,1,0
50,9,4,5,5,187,56,22,50,8,1,7,2,191,49,22,1,0,1,0
51,9,7,2,5,214,53,32,49,4,2,2,1,195,46,22,1,1,0,1
44,3,2,1,0,232,54,15,56,4,1,3,3,305,54,16,0,1,1,1
41,4,4,0,1,191,20,13,59,13,8,5,6,301,62,47,3,2,1,0
50,10,6,4,3,262,55,19,50,2,1,1,1,214,62,8,3,1,1,1
59,8,0,8,4,271,51,24,41,1,1,0,1,180,37,16,0,0,3,1
48,8,3,5,1,144,47,14,52,5,1,4,4,177,51,21,1,0,0,0
54,10,4,6,4,186,64,20,46,6,2,4,2,126,35,8,2,2,0,0
62,6,3,3,3,303,56,19,38,5,1,4,0,209,38,8,1,0,0,2
65,10,6,4,1,361,55,11,35,2,1,1,0,189,42,5,4,1,2,0
50,7,3,4,2,176,60,16,50,5,1,4,2,195,37,13,2,0,0,1
60,9,4,5,5,282,66,27,40,5,2,3,3,143,30,14,1,1,1,0
43,8,5,3,3,201,46,19,57,10,2,8,5,302,68,32,1,0,1,0
64,8,3,5,3,325,65,29,36,3,1,2,2,177,32,11,0,0,2,0
63,3,0,3,0,351,87,9,37,3,1,2,0,167,45,15,0,0,5,0
48,6,2,4,1,194,50,22,52,10,1,9,1,196,53,20,1,0,1,1
52,5,3,2,1,158,39,36,48,6,4,2,2,214,53,20,1,1,0,1
62,3,3,0,2,284,46,14,38,2,0,2,3,171,48,16,3,0,0,0
37,6,5,1,2,108,42,13,63,7,4,3,4,282,47,21,2,3,0,0
35,4,2,2,4,141,34,9,65,9,4,5,3,373,55,13,0,1,1,2
52,9,2,7,6,197,74,32,48,6,1,5,3,180,35,10,0,1,0,2
55,6,4,2,1,286,36,17,45,8,2,6,2,213,44,24,2,1,1,0
42,8,1,7,3,131,31,17,58,5,3,2,1,272,48,11,1,1,0,0
37,5,1,4,2,114,28,10,63,8,3,5,3,245,44,21,0,1,0,1
48,5,1,4,3,213,49,22,52,5,3,2,5,241,19,11,0,1,2,0
49,9,2,7,1,283,72,21,51,6,1,5,3,282,52,12,1,1,0,1
61,10,4,6,3,268,58,23,39,8,4,4,4,135,30,17,3,1,3,1
46,4,2,2,2,259,58,17,54,2,0,2,1,308,44,11,1,0,1,0
59,11,4,7,4,232,52,20,41,6,2,4,2,122,42,15,1,1,1,0
49,11,5,6,1,204,42,29,51,5,2,3,1,213,50,23,2,0,2,0
57,7,1,6,4,223,52,19,43,3,0,3,4,151,46,12,0,0,1,0
61,5,2,3,2,222,73,27,39,6,1,5,1,129,60,9,0,0,2,1
53,3,3,0,3,189,50,20,47,3,1,2,3,165,40,21,1,0,1,1
56,4,2,2,1,283,54,11,44,11,4,7,2,188,40,19,0,3,1,0
45,6,1,5,2,126,66,23,55,3,1,2,2,210,53,7,1,0,2,3
51,7,3,4,1,261,47,18,49,4,1,3,2,237,38,16,1,1,1,1
53,9,6,3,2,280,61,16,47,5,1,4,1,224,59,20,3,0,2,0
58,7,2,5,4,269,62,35,42,3,1,2,0,174,38,5,0,0,2,0
34,3,3,0,4,150,48,17,66,15,8,7,2,280,54,31,0,2,0,0
46,9,4,5,2,173,45,21,54,5,2,3,1,237,43,12,3,0,2,0
65,12,5,7,3,327,57,33,35,3,0,3,3,148,46,11,2,0,3,0
31,10,4,6,3,117,42,11,69,6,2,4,2,381,64,10,2,0,0,0
62,6,3,3,2,286,68,49,38,2,1,1,0,114,32,8,0,1,3,1
63,6,4,2,4,268,75,30,37,5,1,4,2,144,34,21,3,0,0,2
44,7,5,2,4,235,66,34,56,3,0,3,1,301,40,20,1,0,4,1
48,10,4,6,3,161,29,28,52,7,2,5,2,195,54,29,2,1,2,0
65,8,1,7,1,346,83,18,35,6,2,4,1,140,50,15,0,1,0,1
51,7,2,5,2,224,44,22,49,3,2,1,1,204,31,17,1,1,1,1
46,11,2,9,2,167,50,16,54,11,3,8,3,179,45,11,0,2,0,1
54,3,2,1,1,226,71,21,46,3,1,2,2,189,41,16,0,0,0,1
43,6,1,5,1,152,55,9,57,6,2,4,1,235,56,19,1,1,1,1
57,5,3,2,3,252,34,24,43,3,1,2,4,139,34,16,2,1,3,1
47,4,2,2,2,228,65,20,53,2,1,1,1,258,59,17,0,1,2,1
55,7,2,5,4,166,58,36,45,1,1,0,2,141,66,60,0,1,1,0
64,8,3,5,3,288,44,24,36,1,0,1,1,126,30,7,2,0,2,0
52,3,1,2,3,187,68,22,48,5,1,4,3,215,43,21,0,0,3,0
39,8,3,5,2,196,58,32,61,5,0,5,0,319,59,14,1,0,0,1
48,8,1,7,2,196,41,14,52,4,2,2,1,252,61,20,1,1,0,1
51,5,2,3,4,166,66,20,49,5,2,3,0,157,46,22,1,2,1,1
49,4,2,2,1,141,39,20,51,12,3,9,5,197,61,19,1,1,0,0
46,9,7,2,4,220,58,20,54,6,4,2,3,251,38,13,4,0,1,1
56,9,3,6,1,274,49,17,44,3,1,2,2,208,53,23,2,0,0,0
49,4,3,1,2,212,58,21,51,12,8,4,8,224,46,16,0,1,3,1
57,8,4,4,1,280,53,17,43,4,1,3,2,192,66,24,2,0,0,1
73,8,3,5,5,413,87,49,27,0,0,0,0,119,16,1,2,0,2,0
51,13,6,7,5,193,47,27,49,8,4,4,2,184,44,15,2,2,1,0
61,10,5,5,2,339,68,41,39,8,3,5,2,188,35,12,3,0,1,0
49,5,2,3,1,245,49,5,51,7,3,4,1,280,60,27,0,0,0,0
41,3,0,3,3,152,38,8,59,8,0,8,3,267,76,38,1,0,0,1
48,7,2,5,3,221,64,27,52,1,0,1,0,244,57,7,0,0,2,0
53,13,5,8,5,256,48,21,47,5,3,2,2,225,41,18,2,0,1,0
34,8,3,5,2,80,57,26,66,10,1,9,1,251,43,28,0,0,1,0
54,12,4,8,5,264,63,32,46,6,3,3,0,244,51,14,0,0,1,1
63,7,3,4,7,299,85,37,37,0,0,0,0,160,33,8,0,0,1,0
59,5,1,4,4,275,70,25,41,5,4,1,1,192,44,14,0,1,1,2
58,3,0,3,1,215,57,13,42,4,2,2,1,202,53,19,0,1,1,0
39,5,2,3,2,184,46,34,61,10,4,6,4,311,45,16,0,0,0,0
52,4,1,3,2,210,57,20,48,6,2,4,2,188,49,15,0,1,0,0
50,9,3,6,1,181,55,19,50,6,1,5,3,193,47,16,1,0,2,1
65,6,3,3,0,334,72,14,35,3,1,2,0,133,50,11,1,0,1,2
58,7,0,7,6,251,58,30,42,4,2,2,4,179,36,11,0,0,0,1
47,7,1,6,2,166,62,25,53,5,2,3,2,270,46,18,0,0,2,2
58,6,1,5,2,254,75,16,42,7,1,6,4,172,51,24,0,0,4,1
43,6,3,3,2,182,44,21,57,1,0,1,4,287,68,25,2,0,1,0
55,4,3,1,1,192,44,16,45,7,2,5,5,108,51,24,0,0,0,1
55,8,2,6,1,198,47,18,45,8,3,5,3,193,53,33,0,0,0,1
44,5,0,5,0,151,30,12,56,7,1,6,1,213,61,27,0,0,0,2
42,4,2,2,3,203,59,47,58,2,0,2,1,268,64,32,2,0,2,0
45,7,3,4,3,184,36,15,55,1,0,1,0,256,44,5,1,0,1,3
52,9,4,5,2,143,43,34,48,8,2,6,2,151,48,24,0,0,0,2
50,8,3,5,1,193,50,22,50,6,1,5,5,214,54,16,1,1,0,0
32,4,2,2,1,102,34,17,68,12,3,9,4,339,89,27,1,1,0,0
44,3,1,2,2,166,47,21,56,7,3,4,2,216,45,17,1,3,1,1
53,9,3,6,4,229,50,48,47,1,0,1,3,193,44,28,1,0,0,0
51,4,3,1,2,188,52,10,49,9,5,4,6,183,44,25,2,3,1,1
57,2,1,1,3,223,42,18,43,10,4,6,5,157,44,25,0,0,0,0
59,11,5,6,7,304,75,44,41,1,1,0,0,165,22,3,0,1,1,0
35,1,1,0,2,172,41,19,65,10,3,7,3,359,70,27,0,1,0,0
52,12,2,10,1,201,58,18,48,6,0,6,1,193,55,11,1,0,0,0
53,6,2,4,1,239,63,14,47,4,4,0,3,219,42,13,0,3,0,0
47,6,3,3,3,195,33,23,53,1,0,1,1,225,58,17,1,0,1,0
62,7,3,4,5,238,49,21,38,5,4,1,2,138,36,12,1,3,0,3
52,10,5,5,1,189,57,40,48,5,3,2,3,174,47,30,0,0,1,0
38,6,3,3,1,132,44,18,62,12,7,5,3,252,55,26,0,4,0,3
66,2,1,1,2,241,53,22,34,4,1,3,7,177,42,27,0,0,1,1
28,5,3,2,0,106,26,13,72,5,0,5,4,364,65,15,2,0,0,1
59,3,2,1,1,218,42,18,41,5,2,3,0,168,55,11,1,1,0,1
55,7,2,5,2,229,51,19,45,5,3,2,1,175,30,11,0,2,0,1
59,2,1,1,1,248,61,20,41,6,2,4,4,167,42,19,1,0,1,3
50,4,1,3,3,222,48,26,50,4,2,2,0,236,53,12,0,1,0,0
69,4,1,3,3,254,88,28,31,4,1,3,2,120,29,14,0,0,0,0
56,7,4,3,1,288,64,14,44,12,5,7,3,151,41,27,1,0,0,0
66,12,4,8,3,267,55,32,34,3,0,3,3,107,47,17,2,0,0,0
47,2,1,1,3,183,51,17,53,5,1,4,3,180,39,24,0,0,0,0
33,11,4,7,1,122,32,22,67,5,3,2,1,331,60,15,1,0,1,2
62,11,3,8,4,309,75,28,38,2,2,0,2,149,39,19,1,1,0,1
39,5,3,2,3,128,42,17,61,4,0,4,2,259,66,27,1,0,0,1
55,15,8,7,4,275,64,22,45,7,5,2,1,173,29,14,2,2,1,0
62,3,3,0,0,258,36,26,38,6,2,4,4,143,45,29,1,1,1,1
47,3,2,1,1,245,51,11,53,5,2,3,2,249,58,11,1,1,1,1
44,7,3,4,6,167,61,23,56,8,4,4,1,263,52,16,1,0,0,3
79,12,3,9,6,248,50,26,21,4,1,3,1,114,53,9,0,0,3,1
47,8,2,6,1,175,38,6,53,9,3,6,3,263,64,24,1,1,0,0
50,5,2,3,1,202,60,29,50,3,0,3,2,205,61,15,1,0,0,0
50,5,1,4,2,195,24,15,50,9,1,8,5,156,60,33,0,0,0,4
57,7,1,6,2,288,56,22,43,2,1,1,0,172,28,8,1,1,2,0
56,6,2,4,2,222,60,21,44,10,5,5,2,198,49,19,1,1,0,1
51,10,4,6,2,191,51,28,49,2,1,1,0,215,39,9,1,0,2,1
57,7,1,6,1,245,57,17,43,5,4,1,3,195,61,20,1,2,1,0
44,4,0,4,1,197,55,15,56,17,7,10,3,289,63,15,0,5,1,1
